Date,Yellow,Red,Orange,Blue,Green,Brown,Total
2020-01-01,8640,984367,545098,1153838,535210,303416,3530569
2020-01-02,15500,1219460,846946,1377082,758258,532603,4749849
2020-01-03,16880,1311659,890579,1502094,820343,574477,5116032
2020-01-04,12590,1150778,705090,1324738,656624,408355,4258175
2020-01-05,10116,986816,575063,1101892,543162,319684,3536733
2020-01-06,15489,1155990,829540,1310570,718948,511978,4542515
2020-01-07,15679,1172927,846144,1330151,739436,527110,4631447
2020-01-08,16228,1189773,856602,1363852,760794,539538,4726787
2020-01-09,16992,1377074,898786,1459796,865359,557572,5175579
2020-01-10,17522,1393546,918604,1588501,856466,579048,5353687
2020-01-11,10141,982192,623692,1157204,554178,337758,3665165
2020-01-12,10797,932740,576466,1117502,546578,312605,3496688
2020-01-13,16111,1150764,834478,1367590,751990,511922,4632855
2020-01-14,16332,1172639,837550,1370460,762519,523590,4683090
2020-01-15,16692,1174899,844945,1405260,768772,527026,4737594
2020-01-16,16632,1231798,880161,1471758,804995,558802,4964146
2020-01-17,16606,1242320,885097,1532402,814183,560916,5051524
2020-01-18,12421,1093276,719210,1388572,676570,399552,4289601
2020-01-19,83958,946516,613064,1218404,591300,329294,3782536
2020-01-20,58640,1179898,849580,1445366,773732,512256,4819472
2020-01-21,57062,1189778,849411,1446818,763849,518854,4825772
2020-01-22,51739,1119190,799819,1435239,716676,489378,4612041
2020-01-23,45738,717702,457540,874942,400952,238664,2735538
2020-01-24,29358,447916,290947,506704,230160,140998,1646083
2020-01-25,58295,757672,432832,847472,341962,196092,2634325
2020-01-26,38564,610054,359542,731602,298551,167003,2205316
2020-01-27,52724,762786,416364,885104,368001,199743,2684722
2020-01-28,52378,782724,442168,914049,385196,229073,2805588
2020-01-29,45372,700252,432708,854854,374980,218674,2626840
2020-01-30,38442,959400,689415,1168578,603368,404480,3863683
2020-01-31,58138,1014416,724316,1295462,640430,440942,4173704
2020-02-01,97602,867788,552366,1061914,511672,291194,3382536
2020-02-02,95376,778267,479828,916994,442909,256466,2969840
2020-02-03,87024,969274,721123,1200843,627495,435904,4041663
2020-02-04,84386,948938,730326,1191430,633310,440646,4029036
2020-02-05,86302,954269,733154,1198589,640732,439416,4052462
2020-02-06,86791,990985,733308,1206762,641800,442981,4102627
2020-02-07,86986,1003137,751589,1271644,667516,453156,4234028
2020-02-08,72625,724551,510004,934214,470892,269905,2982191
2020-02-09,72400,656826,441373,813090,397663,224230,2605582
2020-02-10,81246,924754,702762,1128468,609494,416126,3862850
2020-02-11,82965,933240,712036,1139412,618257,430159,3916069
2020-02-12,86890,967566,727177,1172936,633633,446002,4034204
2020-02-13,85206,951726,718937,1172436,636118,440272,4004695
2020-02-14,91108,1018970,750822,1280943,692162,457668,4291673
2020-02-15,95409,924144,674506,1165628,619568,383593,3862848
2020-02-16,68962,643172,442174,833373,415513,226388,2629582
2020-02-17,83318,907136,695179,1110119,602649,414402,3812803
2020-02-18,83917,940482,714101,1133820,617886,429322,3919528
2020-02-19,86539,961867,723039,1151692,626430,437602,3987169
2020-02-20,85674,955402,719156,1151552,624939,436367,3973090
2020-02-21,89360,1009011,736986,1227012,654356,449298,4166023
2020-02-22,77040,789096,538120,961458,487060,280208,3132982
2020-02-23,70840,698624,447325,797316,403816,229418,2647339
2020-02-24,80840,924600,693696,1102909,597912,417430,3817387
2020-02-25,84308,969966,736306,1142021,630430,462784,4025815
2020-02-26,85214,969022,740043,1157744,632324,463582,4047929
2020-02-27,89614,1020766,757715,1229888,657368,475359,4230710
2020-02-28,77466,720126,455094,817243,402906,250314,2723149
2020-02-29,76863,724270,451796,795390,399529,246799,2694647
2020-03-01,42713,618847,389756,699287,340206,207586,2298395
2020-03-02,65222,928778,727785,1073602,602358,443121,3840866
2020-03-03,65628,934143,740745,1083020,616348,453230,3893114
2020-03-04,66440,933893,747330,1101376,626088,460032,3935159
2020-03-05,69156,933686,761306,1115946,634768,467434,3982296
2020-03-06,71092,1025868,779619,1215316,670612,479992,4242499
2020-03-07,53332,760347,517188,896647,470980,281960,2980454
2020-03-08,45374,648444,420861,744910,388790,232428,2480807
2020-03-09,65208,924537,730313,1077610,607604,447948,3853220
2020-03-10,69660,920672,762163,1109895,627655,462767,3952812
2020-03-11,66906,954632,759523,1128376,636088,465160,4010685
2020-03-12,67160,947838,756930,1128240,635196,463647,3999011
2020-03-13,75298,1012310,794524,1239824,678790,486214,4286960
2020-03-14,53052,726140,506855,903873,458873,262108,2910901
2020-03-15,47794,699619,438786,776528,397275,242286,2602288
2020-03-16,65148,924574,726178,1069140,600740,442914,3828694
2020-03-17,65388,928678,736140,1077304,606087,449934,3863531
2020-03-18,64886,911230,733859,1075256,605760,446138,3837129
2020-03-19,65248,881838,722837,1052622,595770,440560,3758875
2020-03-20,67128,949866,738714,1132702,619568,449236,3957214
2020-03-21,44136,648025,449087,761870,390958,242662,2536738
2020-03-22,37510,551150,362996,625777,314492,195403,2087328
2020-03-23,60583,834510,678263,982260,546349,411310,3513275
2020-03-24,61042,848166,694699,999233,560778,418808,3582726
2020-03-25,60974,852446,694142,1003490,566444,419502,3596998
2020-03-26,60936,856107,689081,1005436,565244,418278,3595082
2020-03-27,64191,906168,712318,1088032,592078,433808,3796595
2020-03-28,40577,539096,411287,708548,351180,216354,2267042
2020-03-29,36240,527828,355488,612763,303758,192854,2028931
2020-03-30,59902,830357,666301,982553,545406,404754,3489273
2020-03-31,60662,864220,682484,1012890,563190,415394,3598840
2020-04-01,63800,880141,684714,1079988,568317,414326,3691286
2020-04-02,35616,476651,343838,611068,282038,176534,1925745
2020-04-03,33800,456340,324068,560493,266263,170444,1811408
2020-04-04,30076,405952,290936,503495,237584,148341,1616384
2020-04-05,31382,445244,294912,529382,239715,153992,1694627
2020-04-06,59388,796761,650030,948560,523759,394850,3373348
2020-04-07,59584,794253,660586,944103,526862,391752,3377140
2020-04-08,59030,800690,657661,949745,530388,393648,3391162
2020-04-09,58830,805768,655696,950813,527819,394167,3393093
2020-04-10,62990,886395,686348,1050764,567524,416118,3670139
2020-04-11,39540,556426,408898,698779,343691,214721,2262055
2020-04-12,32723,453226,320244,562584,267690,168870,1805337
2020-04-13,59334,802570,651986,941544,520356,391768,3367558
2020-04-14,59441,817962,664534,954276,534572,398396,3429181
2020-04-15,59867,834192,672096,978974,545229,403834,3494192
2020-04-16,60204,842814,670194,980152,547762,405546,3506672
2020-04-17,63728,911793,698956,1073970,581764,422684,3752895
2020-04-18,42506,653327,445501,756139,375728,239472,2512673
2020-04-19,35283,541448,352798,607006,299250,188244,2024029
2020-04-20,60278,822239,663024,959228,527803,398337,3430909
2020-04-21,60262,816788,670898,961767,537238,403740,3450693
2020-04-22,60766,824277,675100,981858,549442,413384,3504827
2020-04-23,62790,837710,691071,1004368,561236,420245,3577420
2020-04-24,66409,896726,709780,1088120,587411,432624,3781070
2020-04-25,41556,603846,429746,725826,368132,224228,2393334
2020-04-26,33857,495033,337035,581822,286350,176980,1911077
2020-04-27,60903,826481,668759,971820,538607,403582,3470152
2020-04-28,62128,860247,687292,1004318,559194,420868,3594047
2020-04-29,62685,879843,694198,1025747,571972,426785,3661230
2020-04-30,64512,919372,709391,1084518,589428,435654,3802875
2020-05-01,47056,755879,516336,861390,429220,293558,2903439
2020-05-02,42102,640519,432571,752190,375486,236666,2479534
2020-05-03,37594,569712,367187,663000,316742,201082,2155317
2020-05-04,61513,857588,679908,1008623,555915,410549,3574096
2020-05-05,63014,884254,698660,1032193,575056,422860,3676037
2020-05-06,63020,893135,705548,1052626,584663,431333,3730325
2020-05-07,63202,903026,708968,1060552,585602,431600,3752950
2020-05-08,68365,996569,743232,1194183,625636,456830,4084815
2020-05-09,46006,693912,475572,854390,406312,256802,2732994
2020-05-10,38861,564626,371587,689948,310428,195968,2171418
2020-05-11,63534,885161,693310,1036838,560545,420500,3659888
2020-05-12,64922,886664,710961,1047511,576168,432164,3718390
2020-05-13,65370,927266,720016,1081238,598798,440658,3833346
2020-05-14,64231,922715,717250,1076396,596862,439482,3816936
2020-05-15,70290,1020506,764262,1223191,649260,471346,4198855
2020-05-16,47254,712554,491802,888439,430880,271090,2842019
2020-05-17,42632,625914,411988,747353,359761,225390,2413038
2020-05-18,64080,877936,699728,1039862,571554,424735,3677895
2020-05-19,66628,890762,726126,1062367,593227,440524,3779634
2020-05-20,66877,939316,737996,1107260,614268,449165,3914882
2020-05-21,66706,925195,733446,1099124,613564,452968,3891003
2020-05-22,72586,970938,761764,1197435,645442,474780,4122945
2020-05-23,51018,681996,503170,899826,439416,262735,2838161
2020-05-24,45544,721610,434468,800130,394920,234664,2631336
2020-05-25,66226,924492,715246,1070208,588468,434488,3799128
2020-05-26,66001,927156,727436,1084540,600752,444894,3850779
2020-05-27,69340,937346,750231,1123734,621214,459688,3961553
2020-05-28,69151,928448,741542,1111772,613206,456297,3920416
2020-05-29,72344,1035735,769759,1255146,661610,482094,4276688
2020-05-30,54002,814938,553598,1022098,484161,290124,3218921
2020-05-31,46286,706888,447758,855594,390242,242494,2689262
2020-06-01,65412,918982,715660,1073100,590032,435253,3798439
2020-06-02,66584,941492,731639,1094769,606582,449448,3890514
2020-06-03,67124,971124,743651,1124694,622856,459301,3988750
2020-06-04,66808,970996,741552,1131051,624006,460228,3994641
2020-06-05,71072,1053858,775784,1257530,666384,482426,4307054
2020-06-06,54336,824437,564400,1009121,494796,296240,3243330
2020-06-07,43446,642250,423756,805937,376411,230645,2522445
2020-06-08,67223,929896,724446,1099412,599703,444600,3865280
2020-06-09,68830,968672,742462,1122238,615763,456290,3974255
2020-06-10,68321,988760,754825,1157485,631193,466108,4066692
2020-06-11,68342,988534,751982,1159438,630819,465172,4064287
2020-06-12,72950,1082858,788890,1286356,681970,495370,4408394
2020-06-13,56114,902096,592458,1055218,518862,311472,3436220
2020-06-14,45560,702026,446357,841150,401815,246482,2683390
2020-06-15,66178,950113,731460,1116622,607906,445925,3918204
2020-06-16,68584,970741,747947,1137488,623456,456512,4004728
2020-06-17,68781,980708,749466,1154224,631455,458112,4042746
2020-06-18,68719,987981,748825,1165387,639870,462798,4073580
2020-06-19,70369,1033786,769213,1231770,670160,474766,4250064
2020-06-20,63982,953162,692455,1184853,604866,398928,3898246
2020-06-21,46316,727086,462456,851824,411629,239934,2739245
2020-06-22,67302,960746,731244,1128489,619091,445977,3952849
2020-06-23,69235,997165,752516,1171212,642548,459158,4091834
2020-06-24,72157,1049789,766758,1257396,666456,469452,4282008
2020-06-25,43113,648457,404466,775132,358450,209814,2439432
2020-06-26,47146,779152,449498,882058,399762,247374,2804990
2020-06-27,50809,800028,477808,922404,428350,259469,2938868
2020-06-28,44564,689538,421271,806135,373531,221820,2556859
2020-06-29,67315,964228,722591,1141238,612432,435362,3943166
2020-06-30,68772,982682,739914,1160694,635666,448731,4036459
2020-07-01,67678,949610,728802,1139445,624948,445952,3956435
2020-07-02,68669,951744,733858,1150342,637222,455494,3997329
2020-07-03,73861,1049494,773996,1287742,684407,477719,4347219
2020-07-04,55564,885606,572849,1066096,513252,303936,3397303
2020-07-05,46620,747153,467188,884952,409710,246274,2801897
2020-07-06,67928,960742,716380,1144963,617174,437682,3944869
2020-07-07,68593,968867,730004,1163584,634034,453620,4018702
2020-07-08,69106,970114,736638,1175663,645842,462566,4059929
2020-07-09,69924,979927,736813,1184856,647292,457424,4076236
2020-07-10,75080,1065558,776639,1330325,691234,495282,4434118
2020-07-11,56154,856888,569442,1078971,511100,321652,3394207
2020-07-12,48408,734424,468068,914126,422408,258620,2846054
2020-07-13,68544,951746,723412,1170598,623766,444176,3982242
2020-07-14,71480,1006396,763138,1236853,672382,470854,4221103
2020-07-15,70832,999106,741696,1228324,657476,456504,4153938
2020-07-16,71014,1007613,738326,1226523,657103,456998,4157577
2020-07-17,74796,1080862,759850,1331278,687944,473078,4407808
2020-07-18,57872,903717,581474,1129502,532744,314812,3520121
2020-07-19,49490,772502,471764,939138,432040,248850,2913784
2020-07-20,69304,973731,710964,1171698,627778,437304,3990779
2020-07-21,71352,992465,741290,1214027,651794,457371,4128299
2020-07-22,72662,1010208,742039,1232576,657692,462733,4177910
2020-07-23,71200,998036,734192,1238710,653434,460584,4156156
2020-07-24,74636,1066334,754963,1343519,688799,476533,4404784
2020-07-25,58894,868746,578758,1120802,512350,312502,3452052
2020-07-26,48688,741638,467860,924584,424089,254912,2861771
2020-07-27,69137,957106,709464,1168468,622641,438296,3965112
2020-07-28,70870,986508,730602,1194210,647598,454956,4084744
2020-07-29,71775,1012714,743608,1239118,660006,466078,4193299
2020-07-30,71776,1042668,748817,1265146,658814,472664,4259885
2020-07-31,77076,1109604,773830,1382255,698316,492277,4533358
2020-08-01,60568,935216,586848,1168801,527727,339354,3618514
2020-08-02,51308,770044,471480,945642,420605,262442,2921521
2020-08-03,68016,875022,677262,1069335,578374,415536,3683545
2020-08-04,72058,970986,735504,1176916,639016,452362,4046842
2020-08-05,73904,1005421,747754,1218061,657623,462388,4165151
2020-08-06,73667,1026528,749118,1232638,662374,464962,4209287
2020-08-07,76548,1081375,765775,1333405,685580,475108,4417791
2020-08-08,54390,787930,528148,995033,503498,284250,3153249
2020-08-09,52107,759346,478724,927808,457432,253375,2928792
2020-08-10,71069,974210,718786,1179999,625083,444058,4013205
2020-08-11,71652,959880,723296,1182408,634984,452083,4024303
2020-08-12,72262,1010979,747475,1229178,657364,463512,4180770
2020-08-13,73470,1019720,767512,1241479,664702,465074,4231957
2020-08-14,75766,1088756,769246,1331703,694288,480910,4440669
2020-08-15,59395,934516,589950,1133584,535972,327186,3580603
2020-08-16,53433,829702,492834,970988,447558,266738,3061253
2020-08-17,70980,985406,713256,1178722,630032,438118,4016514
2020-08-18,72738,1016412,741230,1220748,654635,461186,4166949
2020-08-19,72344,1015622,743648,1256851,667026,469772,4225263
2020-08-20,74579,1020614,743632,1269468,664584,471781,4244658
2020-08-21,77360,1101668,770668,1380879,708131,487268,4525974
2020-08-22,58117,952624,591275,1175689,564188,324202,3666095
2020-08-23,50844,829678,482140,953594,455812,259159,3031227
2020-08-24,70865,989422,709713,1185707,632038,441163,4028908
2020-08-25,73541,1035453,744646,1241664,669005,472865,4237174
2020-08-26,73297,1018669,743364,1222820,663135,461979,4183264
2020-08-27,73074,959094,725694,1209158,643348,455318,4065686
2020-08-28,77482,1057050,757058,1316614,687921,472313,4368438
2020-08-29,57845,889084,603114,1108316,572463,309956,3540778
2020-08-30,48944,766346,467815,896598,420764,254021,2854488
2020-08-31,71096,951938,719934,1144856,620844,445108,3953776
2020-09-01,72711,958702,737540,1158278,635949,459708,4022888
2020-09-02,71083,949418,727970,1146808,636063,456340,3987682
2020-09-03,72753,980620,740314,1183954,647638,462528,4087807
2020-09-04,77238,1078856,771514,1307772,692630,487634,4415644
2020-09-05,56783,919708,579092,1098388,527356,312920,3494247
2020-09-06,50108,792652,478838,916956,436822,260507,2935883
2020-09-07,72978,995744,731566,1168435,636271,457066,4062060
2020-09-08,74448,1012254,748790,1190916,651241,472562,4150211
2020-09-09,75260,1020232,755480,1207446,662768,484146,4205332
2020-09-10,75686,1041958,761898,1225228,665968,479120,4249858
2020-09-11,79840,1119371,798446,1345563,706552,498938,4548710
2020-09-12,60460,939663,604908,1142974,562294,329191,3639490
2020-09-13,51344,815758,491223,945544,461326,261740,3026935
2020-09-14,74526,1004989,759030,1163141,643847,466570,4112103
2020-09-15,75172,1023554,777374,1189808,665528,482606,4214042
2020-09-16,76362,1030866,782270,1205512,675736,487182,4257928
2020-09-17,75714,1040624,791938,1231221,681646,491099,4312242
2020-09-18,79352,1141590,822359,1362696,727400,518578,4651975
2020-09-19,63419,949581,634422,1174340,579688,349263,3750713
2020-09-20,52750,777314,499078,962044,444246,254580,2990012
2020-09-21,73937,1010606,760488,1167872,641144,469376,4123423
2020-09-22,76045,1036688,781795,1196128,669295,488219,4248170
2020-09-23,77132,1052340,791082,1236735,678028,499800,4335117
2020-09-24,78253,1056090,798068,1265226,685423,507121,4390181
2020-09-25,80795,1122572,826496,1348536,732608,520826,4631833
2020-09-26,74188,1039706,741960,1276037,671339,445178,4248408
2020-09-27,52174,723339,482505,927524,458196,270014,2913752
2020-09-28,79606,1016476,784138,1223629,690072,498904,4292825
2020-09-29,79812,1073497,807408,1250475,694391,506459,4412042
2020-09-30,85407,1146095,836696,1362396,722489,521078,4674161
2020-10-01,50738,722310,453902,855522,405053,243606,2731131
2020-10-02,52986,841240,482578,907217,433771,269414,2987206
2020-10-03,53805,837920,502252,1070758,450471,282328,3197534
2020-10-04,52064,766115,465274,883508,409017,244980,2820958
2020-10-05,77234,1006238,769784,1176950,651929,481108,4163243
2020-10-06,76614,1032478,788976,1202351,670691,488546,4259656
2020-10-07,77556,1051366,797216,1213182,679137,493772,4312229
2020-10-08,82380,1149613,825772,1336832,716549,521468,4632614
2020-10-09,59114,867126,551648,1103730,499392,300490,3381500
2020-10-10,57914,904031,538546,1084752,496548,303666,3385457
2020-10-11,50718,787170,468398,910180,427060,255430,2898956
2020-10-12,76543,1010862,764771,1173926,647868,477118,4151088
2020-10-13,80306,1035820,799573,1226963,680181,505588,4328431
2020-10-14,78366,1048615,795507,1234747,682699,501002,4340936
2020-10-15,78025,1057223,796046,1256535,679107,506766,4373702
2020-10-16,85010,1162448,835996,1393772,739364,534291,4750881
2020-10-17,64181,1027184,641283,1219346,578739,344862,3875595
2020-10-18,57376,894667,518330,1002394,478676,278380,3229823
2020-10-19,77246,1012250,765918,1182925,650444,483480,4172263
2020-10-20,78784,1039400,793397,1220512,676164,500974,4309231
2020-10-21,79186,1046094,798994,1247126,686789,508762,4366951
2020-10-22,80130,1052870,798342,1269580,679458,506776,4387156
2020-10-23,85538,1172528,845312,1411302,735344,533143,4783167
2020-10-24,64486,1049418,639868,1228391,583022,364972,3930157
2020-10-25,53800,892534,522845,985694,482102,284367,3221342
2020-10-26,76886,1047446,768511,1186816,648470,477426,4205555
2020-10-27,78466,1054585,789934,1206360,665952,490465,4285762
2020-10-28,78555,1064438,794434,1224626,678736,496308,4337097
2020-10-29,77860,1048576,784828,1230452,673064,495750,4310530
2020-10-30,83092,1152932,827905,1404740,730482,514647,4713798
2020-10-31,62180,1030376,640147,1363860,590212,369748,4056523
2020-11-01,52293,830652,503415,1001217,452334,292742,3132653
2020-11-02,76050,999665,761117,1192270,637658,480918,4147678
2020-11-03,78054,1021281,781526,1191321,656530,484593,4213305
2020-11-04,78403,1040904,789799,1218466,666241,491466,4285279
2020-11-05,77962,1049550,792704,1266297,669489,522465,4378467
2020-11-06,83573,1145710,826807,1397094,729547,536116,4718847
2020-11-07,65167,1002224,627666,1246688,581798,394009,3917552
2020-11-08,57100,815978,504492,1019572,459907,292193,3149242
2020-11-09,76182,1011268,764780,1202425,636243,477330,4168228
2020-11-10,78966,1037658,788908,1229628,664909,502468,4302537
2020-11-11,80102,1062429,798737,1275032,681128,514875,4412303
2020-11-12,79358,1060258,795573,1268301,677776,510449,4391715
2020-11-13,87888,1160570,847314,1489888,742942,564013,4892615
2020-11-14,69782,973542,653046,1366952,575074,384864,4023260
2020-11-15,60258,919520,543184,1154693,489436,321941,3489032
2020-11-16,78394,1046412,770428,1271386,646720,508574,4321914
2020-11-17,79915,1068577,790206,1231403,670454,490480,4331035
2020-11-18,79987,1087748,797298,1252998,677446,498703,4394180
2020-11-19,79530,1097539,796532,1264938,688404,497950,4424893
2020-11-20,85512,1197192,835420,1422020,730386,519638,4790168
2020-11-21,69795,1010774,636886,1293100,588382,348994,3947931
2020-11-22,58682,953314,532774,1088654,507454,296404,3437282
2020-11-23,78212,1039500,765446,1200254,646580,474046,4204038
2020-11-24,79974,1051864,787584,1220278,673000,490065,4302765
2020-11-25,81028,1093906,798191,1248922,684111,495755,4401913
2020-11-26,80866,1092102,798993,1258366,689782,502587,4422696
2020-11-27,86711,1196676,837042,1411754,735211,521258,4788652
2020-11-28,69172,988367,625354,1266806,583911,330332,3863942
2020-11-29,57630,875187,508662,1034540,477338,267452,3220809
2020-11-30,80724,1040376,773924,1223355,660660,484417,4263456
2020-12-01,82772,1027922,798862,1218958,678058,498132,4304704
2020-12-02,84643,1070234,813252,1257982,700156,505335,4431602
2020-12-03,83200,1067828,811048,1289602,701568,515162,4468408
2020-12-04,91214,1195930,855879,1498882,764742,549210,4955857
2020-12-05,76161,1040859,675624,1466596,622630,357988,4239858
2020-12-06,61363,909848,534944,1198530,516862,292492,3514039
2020-12-07,81054,1042752,767366,1251348,662002,487374,4291896
2020-12-08,82882,1055580,807875,1258418,691945,507926,4404626
2020-12-09,85974,1056973,824182,1282059,704332,517252,4470772
2020-12-10,84116,1089396,815706,1325194,705602,519316,4539330
2020-12-11,92518,1189566,856915,1496098,757506,546771,4939374
2020-12-12,81941,1105868,691345,1607367,670587,376806,4533914
2020-12-13,64152,985801,561935,1262956,532406,305444,3712694
2020-12-14,82127,1042654,782362,1266792,663834,489303,4327072
2020-12-15,85405,1061808,819846,1284350,701816,518376,4471601
2020-12-16,86184,1076212,830402,1317704,714538,522596,4547636
2020-12-17,85565,1115826,828038,1361680,716268,525196,4632573
2020-12-18,91603,1222485,861524,1545918,762500,554289,5038319
2020-12-19,78364,1047762,688886,1527596,630812,376876,4350296
2020-12-20,62892,917024,560728,1243952,541308,313849,3639753
2020-12-21,84508,1050680,799170,1283690,681040,497223,4396311
2020-12-22,85348,1084562,816346,1312131,702574,515794,4516755
2020-12-23,86376,1068180,828180,1318666,714752,519888,4536042
2020-12-24,84700,1084114,823458,1356654,717066,518086,4584078
2020-12-25,91222,1192288,839584,1532009,760254,539776,4955133
2020-12-26,68768,1008771,640292,1335172,602416,361352,4016771
2020-12-27,57856,830081,520448,1059812,487933,285380,3241510
2020-12-28,82006,1036781,784380,1248829,665585,490769,4308350
2020-12-29,83912,1073871,807910,1271959,689325,506127,4433104
2020-12-30,85124,1064060,814492,1293020,701714,505766,4464176
2020-12-31,94379,1242505,860286,1511147,760950,542719,5011986
2021-01-01,3356,35992,25706,46810,21096,13430,146390
