line,station,date,people
Yellow,大坪林,2024-01-01,6858
Yellow,頭前庄,2024-01-01,1266
Yellow,十四張,2024-01-01,1257
Yellow,秀朗橋,2024-01-01,901
Yellow,景平,2024-01-01,1158
Yellow,中和,2024-01-01,1608
Yellow,橋和,2024-01-01,465
Yellow,中原,2024-01-01,587
Yellow,板新,2024-01-01,627
Yellow,新埔民生,2024-01-01,384
Yellow,幸福,2024-01-01,1264
Yellow,新北產業園區,2024-01-01,1080
Yellow,大坪林,2024-01-02,10954
Yellow,頭前庄,2024-01-02,2207
Yellow,十四張,2024-01-02,2136
Yellow,秀朗橋,2024-01-02,1279
Yellow,景平,2024-01-02,1920
Yellow,中和,2024-01-02,2191
Yellow,橋和,2024-01-02,1338
Yellow,中原,2024-01-02,1921
Yellow,板新,2024-01-02,1303
Yellow,新埔民生,2024-01-02,605
Yellow,幸福,2024-01-02,2244
Yellow,新北產業園區,2024-01-02,1872
Yellow,大坪林,2024-01-03,11288
Yellow,頭前庄,2024-01-03,2213
Yellow,十四張,2024-01-03,2271
Yellow,秀朗橋,2024-01-03,1354
Yellow,景平,2024-01-03,1998
Yellow,中和,2024-01-03,2450
Yellow,橋和,2024-01-03,1386
Yellow,中原,2024-01-03,1998
Yellow,板新,2024-01-03,1456
Yellow,新埔民生,2024-01-03,599
Yellow,幸福,2024-01-03,2456
Yellow,新北產業園區,2024-01-03,1991
Yellow,大坪林,2024-01-04,11304
Yellow,頭前庄,2024-01-04,2342
Yellow,十四張,2024-01-04,2213
Yellow,秀朗橋,2024-01-04,1297
Yellow,景平,2024-01-04,1950
Yellow,中和,2024-01-04,2294
Yellow,橋和,2024-01-04,1275
Yellow,中原,2024-01-04,2019
Yellow,板新,2024-01-04,1398
Yellow,新埔民生,2024-01-04,647
Yellow,幸福,2024-01-04,2376
Yellow,新北產業園區,2024-01-04,1937
Yellow,大坪林,2024-01-05,11896
Yellow,頭前庄,2024-01-05,2428
Yellow,十四張,2024-01-05,2156
Yellow,秀朗橋,2024-01-05,1387
Yellow,景平,2024-01-05,2082
Yellow,中和,2024-01-05,2516
Yellow,橋和,2024-01-05,1393
Yellow,中原,2024-01-05,2056
Yellow,板新,2024-01-05,1394
Yellow,新埔民生,2024-01-05,670
Yellow,幸福,2024-01-05,2443
Yellow,新北產業園區,2024-01-05,2173
Yellow,大坪林,2024-01-06,8407
Yellow,頭前庄,2024-01-06,1835
Yellow,十四張,2024-01-06,1702
Yellow,秀朗橋,2024-01-06,1154
Yellow,景平,2024-01-06,1519
Yellow,中和,2024-01-06,2115
Yellow,橋和,2024-01-06,648
Yellow,中原,2024-01-06,772
Yellow,板新,2024-01-06,921
Yellow,新埔民生,2024-01-06,617
Yellow,幸福,2024-01-06,1694
Yellow,新北產業園區,2024-01-06,1354
Yellow,大坪林,2024-01-07,7083
Yellow,頭前庄,2024-01-07,1322
Yellow,十四張,2024-01-07,1158
Yellow,秀朗橋,2024-01-07,913
Yellow,景平,2024-01-07,1317
Yellow,中和,2024-01-07,1741
Yellow,橋和,2024-01-07,436
Yellow,中原,2024-01-07,639
Yellow,板新,2024-01-07,714
Yellow,新埔民生,2024-01-07,467
Yellow,幸福,2024-01-07,1317
Yellow,新北產業園區,2024-01-07,1022
Yellow,大坪林,2024-01-08,11153
Yellow,頭前庄,2024-01-08,2196
Yellow,十四張,2024-01-08,2088
Yellow,秀朗橋,2024-01-08,1278
Yellow,景平,2024-01-08,1869
Yellow,中和,2024-01-08,2291
Yellow,橋和,2024-01-08,1396
Yellow,中原,2024-01-08,1945
Yellow,板新,2024-01-08,1355
Yellow,新埔民生,2024-01-08,590
Yellow,幸福,2024-01-08,2244
Yellow,新北產業園區,2024-01-08,1935
Yellow,大坪林,2024-01-09,11651
Yellow,頭前庄,2024-01-09,2267
Yellow,十四張,2024-01-09,2236
Yellow,秀朗橋,2024-01-09,1358
Yellow,景平,2024-01-09,1960
Yellow,中和,2024-01-09,2283
Yellow,橋和,2024-01-09,1427
Yellow,中原,2024-01-09,2053
Yellow,板新,2024-01-09,1389
Yellow,新埔民生,2024-01-09,627
Yellow,幸福,2024-01-09,2391
Yellow,新北產業園區,2024-01-09,2047
Yellow,大坪林,2024-01-10,12414
Yellow,頭前庄,2024-01-10,2266
Yellow,十四張,2024-01-10,2225
Yellow,秀朗橋,2024-01-10,1343
Yellow,景平,2024-01-10,1953
Yellow,中和,2024-01-10,2353
Yellow,橋和,2024-01-10,1409
Yellow,中原,2024-01-10,2030
Yellow,板新,2024-01-10,1335
Yellow,新埔民生,2024-01-10,630
Yellow,幸福,2024-01-10,2332
Yellow,新北產業園區,2024-01-10,1972
Yellow,大坪林,2024-01-11,12168
Yellow,頭前庄,2024-01-11,2282
Yellow,十四張,2024-01-11,2222
Yellow,秀朗橋,2024-01-11,1353
Yellow,景平,2024-01-11,2009
Yellow,中和,2024-01-11,2363
Yellow,橋和,2024-01-11,1388
Yellow,中原,2024-01-11,1990
Yellow,板新,2024-01-11,1429
Yellow,新埔民生,2024-01-11,649
Yellow,幸福,2024-01-11,2346
Yellow,新北產業園區,2024-01-11,1901
Yellow,大坪林,2024-01-12,13034
Yellow,頭前庄,2024-01-12,2572
Yellow,十四張,2024-01-12,2200
Yellow,秀朗橋,2024-01-12,1471
Yellow,景平,2024-01-12,2158
Yellow,中和,2024-01-12,2535
Yellow,橋和,2024-01-12,1526
Yellow,中原,2024-01-12,2097
Yellow,板新,2024-01-12,1692
Yellow,新埔民生,2024-01-12,645
Yellow,幸福,2024-01-12,2567
Yellow,新北產業園區,2024-01-12,2174
Yellow,大坪林,2024-01-13,7186
Yellow,頭前庄,2024-01-13,1458
Yellow,十四張,2024-01-13,1655
Yellow,秀朗橋,2024-01-13,1145
Yellow,景平,2024-01-13,1498
Yellow,中和,2024-01-13,1976
Yellow,橋和,2024-01-13,532
Yellow,中原,2024-01-13,727
Yellow,板新,2024-01-13,871
Yellow,新埔民生,2024-01-13,586
Yellow,幸福,2024-01-13,1685
Yellow,新北產業園區,2024-01-13,1354
Yellow,大坪林,2024-01-14,6545
Yellow,頭前庄,2024-01-14,1340
Yellow,十四張,2024-01-14,1288
Yellow,秀朗橋,2024-01-14,994
Yellow,景平,2024-01-14,1323
Yellow,中和,2024-01-14,1665
Yellow,橋和,2024-01-14,478
Yellow,中原,2024-01-14,678
Yellow,板新,2024-01-14,749
Yellow,新埔民生,2024-01-14,478
Yellow,幸福,2024-01-14,1408
Yellow,新北產業園區,2024-01-14,1086
Yellow,大坪林,2024-01-15,10794
Yellow,頭前庄,2024-01-15,2125
Yellow,十四張,2024-01-15,1856
Yellow,秀朗橋,2024-01-15,1247
Yellow,景平,2024-01-15,1940
Yellow,中和,2024-01-15,2283
Yellow,橋和,2024-01-15,1415
Yellow,中原,2024-01-15,1922
Yellow,板新,2024-01-15,1393
Yellow,新埔民生,2024-01-15,525
Yellow,幸福,2024-01-15,2265
Yellow,新北產業園區,2024-01-15,2022
Yellow,大坪林,2024-01-16,11376
Yellow,頭前庄,2024-01-16,2181
Yellow,十四張,2024-01-16,1903
Yellow,秀朗橋,2024-01-16,1232
Yellow,景平,2024-01-16,2001
Yellow,中和,2024-01-16,2291
Yellow,橋和,2024-01-16,1408
Yellow,中原,2024-01-16,1985
Yellow,板新,2024-01-16,1366
Yellow,新埔民生,2024-01-16,541
Yellow,幸福,2024-01-16,2236
Yellow,新北產業園區,2024-01-16,2092
Yellow,大坪林,2024-01-17,11607
Yellow,頭前庄,2024-01-17,2293
Yellow,十四張,2024-01-17,2054
Yellow,秀朗橋,2024-01-17,1303
Yellow,景平,2024-01-17,1989
Yellow,中和,2024-01-17,2384
Yellow,橋和,2024-01-17,1440
Yellow,中原,2024-01-17,2038
Yellow,板新,2024-01-17,1439
Yellow,新埔民生,2024-01-17,581
Yellow,幸福,2024-01-17,2320
Yellow,新北產業園區,2024-01-17,1978
Yellow,大坪林,2024-01-18,11491
Yellow,頭前庄,2024-01-18,2326
Yellow,十四張,2024-01-18,1993
Yellow,秀朗橋,2024-01-18,1351
Yellow,景平,2024-01-18,1997
Yellow,中和,2024-01-18,2415
Yellow,橋和,2024-01-18,1406
Yellow,中原,2024-01-18,2113
Yellow,板新,2024-01-18,1355
Yellow,新埔民生,2024-01-18,596
Yellow,幸福,2024-01-18,2362
Yellow,新北產業園區,2024-01-18,2097
Yellow,大坪林,2024-01-19,12228
Yellow,頭前庄,2024-01-19,2533
Yellow,十四張,2024-01-19,2260
Yellow,秀朗橋,2024-01-19,1461
Yellow,景平,2024-01-19,2080
Yellow,中和,2024-01-19,2603
Yellow,橋和,2024-01-19,1507
Yellow,中原,2024-01-19,2013
Yellow,板新,2024-01-19,1579
Yellow,新埔民生,2024-01-19,659
Yellow,幸福,2024-01-19,2597
Yellow,新北產業園區,2024-01-19,2362
Yellow,大坪林,2024-01-20,8504
Yellow,頭前庄,2024-01-20,2012
Yellow,十四張,2024-01-20,1627
Yellow,秀朗橋,2024-01-20,1253
Yellow,景平,2024-01-20,1534
Yellow,中和,2024-01-20,2126
Yellow,橋和,2024-01-20,672
Yellow,中原,2024-01-20,809
Yellow,板新,2024-01-20,1005
Yellow,新埔民生,2024-01-20,614
Yellow,幸福,2024-01-20,1927
Yellow,新北產業園區,2024-01-20,1329
Yellow,大坪林,2024-01-21,6742
Yellow,頭前庄,2024-01-21,1357
Yellow,十四張,2024-01-21,1245
Yellow,秀朗橋,2024-01-21,1122
Yellow,景平,2024-01-21,1382
Yellow,中和,2024-01-21,1721
Yellow,橋和,2024-01-21,542
Yellow,中原,2024-01-21,665
Yellow,板新,2024-01-21,794
Yellow,新埔民生,2024-01-21,484
Yellow,幸福,2024-01-21,1391
Yellow,新北產業園區,2024-01-21,1218
Yellow,大坪林,2024-01-22,10932
Yellow,頭前庄,2024-01-22,2192
Yellow,十四張,2024-01-22,1897
Yellow,秀朗橋,2024-01-22,1409
Yellow,景平,2024-01-22,1990
Yellow,中和,2024-01-22,2308
Yellow,橋和,2024-01-22,1456
Yellow,中原,2024-01-22,1937
Yellow,板新,2024-01-22,1351
Yellow,新埔民生,2024-01-22,573
Yellow,幸福,2024-01-22,2243
Yellow,新北產業園區,2024-01-22,2034
Yellow,大坪林,2024-01-23,10916
Yellow,頭前庄,2024-01-23,2241
Yellow,十四張,2024-01-23,1958
Yellow,秀朗橋,2024-01-23,1450
Yellow,景平,2024-01-23,2181
Yellow,中和,2024-01-23,2371
Yellow,橋和,2024-01-23,1500
Yellow,中原,2024-01-23,2059
Yellow,板新,2024-01-23,1472
Yellow,新埔民生,2024-01-23,572
Yellow,幸福,2024-01-23,2480
Yellow,新北產業園區,2024-01-23,2173
Yellow,大坪林,2024-01-24,11125
Yellow,頭前庄,2024-01-24,2227
Yellow,十四張,2024-01-24,1863
Yellow,秀朗橋,2024-01-24,1336
Yellow,景平,2024-01-24,2051
Yellow,中和,2024-01-24,2414
Yellow,橋和,2024-01-24,1573
Yellow,中原,2024-01-24,2004
Yellow,板新,2024-01-24,1403
Yellow,新埔民生,2024-01-24,600
Yellow,幸福,2024-01-24,2303
Yellow,新北產業園區,2024-01-24,2136
Yellow,大坪林,2024-01-25,11597
Yellow,頭前庄,2024-01-25,2344
Yellow,十四張,2024-01-25,2025
Yellow,秀朗橋,2024-01-25,1370
Yellow,景平,2024-01-25,2092
Yellow,中和,2024-01-25,2499
Yellow,橋和,2024-01-25,1580
Yellow,中原,2024-01-25,2066
Yellow,板新,2024-01-25,1480
Yellow,新埔民生,2024-01-25,652
Yellow,幸福,2024-01-25,2349
Yellow,新北產業園區,2024-01-25,2168
Yellow,大坪林,2024-01-26,11692
Yellow,頭前庄,2024-01-26,2446
Yellow,十四張,2024-01-26,2112
Yellow,秀朗橋,2024-01-26,1462
Yellow,景平,2024-01-26,2378
Yellow,中和,2024-01-26,2641
Yellow,橋和,2024-01-26,1651
Yellow,中原,2024-01-26,2197
Yellow,板新,2024-01-26,1608
Yellow,新埔民生,2024-01-26,676
Yellow,幸福,2024-01-26,2572
Yellow,新北產業園區,2024-01-26,2203
Yellow,大坪林,2024-01-27,8134
Yellow,頭前庄,2024-01-27,1969
Yellow,十四張,2024-01-27,1607
Yellow,秀朗橋,2024-01-27,1214
Yellow,景平,2024-01-27,1709
Yellow,中和,2024-01-27,2112
Yellow,橋和,2024-01-27,730
Yellow,中原,2024-01-27,737
Yellow,板新,2024-01-27,1168
Yellow,新埔民生,2024-01-27,607
Yellow,幸福,2024-01-27,1817
Yellow,新北產業園區,2024-01-27,1416
Yellow,大坪林,2024-01-28,6863
Yellow,頭前庄,2024-01-28,1609
Yellow,十四張,2024-01-28,1302
Yellow,秀朗橋,2024-01-28,1058
Yellow,景平,2024-01-28,1426
Yellow,中和,2024-01-28,1809
Yellow,橋和,2024-01-28,575
Yellow,中原,2024-01-28,652
Yellow,板新,2024-01-28,739
Yellow,新埔民生,2024-01-28,530
Yellow,幸福,2024-01-28,1430
Yellow,新北產業園區,2024-01-28,1198
Yellow,大坪林,2024-01-29,11121
Yellow,頭前庄,2024-01-29,2242
Yellow,十四張,2024-01-29,1844
Yellow,秀朗橋,2024-01-29,1339
Yellow,景平,2024-01-29,1914
Yellow,中和,2024-01-29,2297
Yellow,橋和,2024-01-29,1511
Yellow,中原,2024-01-29,1922
Yellow,板新,2024-01-29,1293
Yellow,新埔民生,2024-01-29,593
Yellow,幸福,2024-01-29,2262
Yellow,新北產業園區,2024-01-29,2090
Yellow,大坪林,2024-01-30,11214
Yellow,頭前庄,2024-01-30,2201
Yellow,十四張,2024-01-30,1840
Yellow,秀朗橋,2024-01-30,1310
Yellow,景平,2024-01-30,1998
Yellow,中和,2024-01-30,2387
Yellow,橋和,2024-01-30,1379
Yellow,中原,2024-01-30,2031
Yellow,板新,2024-01-30,1355
Yellow,新埔民生,2024-01-30,587
Yellow,幸福,2024-01-30,2365
Yellow,新北產業園區,2024-01-30,2161
Yellow,大坪林,2024-01-31,11323
Yellow,頭前庄,2024-01-31,2272
Yellow,十四張,2024-01-31,1926
Yellow,秀朗橋,2024-01-31,1402
Yellow,景平,2024-01-31,2001
Yellow,中和,2024-01-31,2391
Yellow,橋和,2024-01-31,1467
Yellow,中原,2024-01-31,2071
Yellow,板新,2024-01-31,1505
Yellow,新埔民生,2024-01-31,585
Yellow,幸福,2024-01-31,2395
Yellow,新北產業園區,2024-01-31,2153
Yellow,大坪林,2024-02-01,11295
Yellow,頭前庄,2024-02-01,2353
Yellow,十四張,2024-02-01,1827
Yellow,秀朗橋,2024-02-01,1425
Yellow,景平,2024-02-01,1952
Yellow,中和,2024-02-01,2395
Yellow,橋和,2024-02-01,1422
Yellow,中原,2024-02-01,1944
Yellow,板新,2024-02-01,1389
Yellow,新埔民生,2024-02-01,608
Yellow,幸福,2024-02-01,2409
Yellow,新北產業園區,2024-02-01,1885
Yellow,大坪林,2024-02-02,11515
Yellow,頭前庄,2024-02-02,2468
Yellow,十四張,2024-02-02,1970
Yellow,秀朗橋,2024-02-02,1427
Yellow,景平,2024-02-02,2057
Yellow,中和,2024-02-02,2528
Yellow,橋和,2024-02-02,1510
Yellow,中原,2024-02-02,2037
Yellow,板新,2024-02-02,1369
Yellow,新埔民生,2024-02-02,620
Yellow,幸福,2024-02-02,2458
Yellow,新北產業園區,2024-02-02,2176
Yellow,大坪林,2024-02-03,7290
Yellow,頭前庄,2024-02-03,1764
Yellow,十四張,2024-02-03,1663
Yellow,秀朗橋,2024-02-03,1256
Yellow,景平,2024-02-03,1514
Yellow,中和,2024-02-03,1986
Yellow,橋和,2024-02-03,601
Yellow,中原,2024-02-03,766
Yellow,板新,2024-02-03,997
Yellow,新埔民生,2024-02-03,599
Yellow,幸福,2024-02-03,1805
Yellow,新北產業園區,2024-02-03,1233
Yellow,大坪林,2024-02-04,6003
Yellow,頭前庄,2024-02-04,1481
Yellow,十四張,2024-02-04,1337
Yellow,秀朗橋,2024-02-04,973
Yellow,景平,2024-02-04,1448
Yellow,中和,2024-02-04,1718
Yellow,橋和,2024-02-04,535
Yellow,中原,2024-02-04,598
Yellow,板新,2024-02-04,688
Yellow,新埔民生,2024-02-04,489
Yellow,幸福,2024-02-04,1300
Yellow,新北產業園區,2024-02-04,1011
Yellow,大坪林,2024-02-05,10894
Yellow,頭前庄,2024-02-05,2298
Yellow,十四張,2024-02-05,1800
Yellow,秀朗橋,2024-02-05,1363
Yellow,景平,2024-02-05,1993
Yellow,中和,2024-02-05,2457
Yellow,橋和,2024-02-05,1430
Yellow,中原,2024-02-05,1941
Yellow,板新,2024-02-05,1315
Yellow,新埔民生,2024-02-05,588
Yellow,幸福,2024-02-05,2329
Yellow,新北產業園區,2024-02-05,1990
Yellow,大坪林,2024-02-06,10873
Yellow,頭前庄,2024-02-06,2210
Yellow,十四張,2024-02-06,1891
Yellow,秀朗橋,2024-02-06,1361
Yellow,景平,2024-02-06,1883
Yellow,中和,2024-02-06,2328
Yellow,橋和,2024-02-06,1506
Yellow,中原,2024-02-06,2008
Yellow,板新,2024-02-06,1392
Yellow,新埔民生,2024-02-06,602
Yellow,幸福,2024-02-06,2321
Yellow,新北產業園區,2024-02-06,2159
Yellow,大坪林,2024-02-07,10368
Yellow,頭前庄,2024-02-07,2164
Yellow,十四張,2024-02-07,1737
Yellow,秀朗橋,2024-02-07,1357
Yellow,景平,2024-02-07,2076
Yellow,中和,2024-02-07,2433
Yellow,橋和,2024-02-07,1374
Yellow,中原,2024-02-07,1789
Yellow,板新,2024-02-07,1286
Yellow,新埔民生,2024-02-07,570
Yellow,幸福,2024-02-07,2371
Yellow,新北產業園區,2024-02-07,1897
Yellow,大坪林,2024-02-08,5036
Yellow,頭前庄,2024-02-08,1022
Yellow,十四張,2024-02-08,1034
Yellow,秀朗橋,2024-02-08,782
Yellow,景平,2024-02-08,1206
Yellow,中和,2024-02-08,1499
Yellow,橋和,2024-02-08,417
Yellow,中原,2024-02-08,436
Yellow,板新,2024-02-08,531
Yellow,新埔民生,2024-02-08,338
Yellow,幸福,2024-02-08,1082
Yellow,新北產業園區,2024-02-08,688
Yellow,大坪林,2024-02-09,3515
Yellow,頭前庄,2024-02-09,637
Yellow,十四張,2024-02-09,797
Yellow,秀朗橋,2024-02-09,736
Yellow,景平,2024-02-09,979
Yellow,中和,2024-02-09,1070
Yellow,橋和,2024-02-09,256
Yellow,中原,2024-02-09,310
Yellow,板新,2024-02-09,475
Yellow,新埔民生,2024-02-09,267
Yellow,幸福,2024-02-09,876
Yellow,新北產業園區,2024-02-09,647
Yellow,大坪林,2024-02-10,6000
Yellow,頭前庄,2024-02-10,1221
Yellow,十四張,2024-02-10,1434
Yellow,秀朗橋,2024-02-10,1018
Yellow,景平,2024-02-10,1169
Yellow,中和,2024-02-10,1434
Yellow,橋和,2024-02-10,229
Yellow,中原,2024-02-10,487
Yellow,板新,2024-02-10,560
Yellow,新埔民生,2024-02-10,354
Yellow,幸福,2024-02-10,1376
Yellow,新北產業園區,2024-02-10,874
Yellow,大坪林,2024-02-11,6190
Yellow,頭前庄,2024-02-11,1272
Yellow,十四張,2024-02-11,1540
Yellow,秀朗橋,2024-02-11,1063
Yellow,景平,2024-02-11,1213
Yellow,中和,2024-02-11,1612
Yellow,橋和,2024-02-11,409
Yellow,中原,2024-02-11,557
Yellow,板新,2024-02-11,642
Yellow,新埔民生,2024-02-11,389
Yellow,幸福,2024-02-11,1479
Yellow,新北產業園區,2024-02-11,909
Yellow,大坪林,2024-02-12,6865
Yellow,頭前庄,2024-02-12,1438
Yellow,十四張,2024-02-12,1770
Yellow,秀朗橋,2024-02-12,1263
Yellow,景平,2024-02-12,1316
Yellow,中和,2024-02-12,1744
Yellow,橋和,2024-02-12,437
Yellow,中原,2024-02-12,575
Yellow,板新,2024-02-12,718
Yellow,新埔民生,2024-02-12,426
Yellow,幸福,2024-02-12,1596
Yellow,新北產業園區,2024-02-12,1046
Yellow,大坪林,2024-02-13,7133
Yellow,頭前庄,2024-02-13,1512
Yellow,十四張,2024-02-13,1889
Yellow,秀朗橋,2024-02-13,1121
Yellow,景平,2024-02-13,1298
Yellow,中和,2024-02-13,1754
Yellow,橋和,2024-02-13,439
Yellow,中原,2024-02-13,537
Yellow,板新,2024-02-13,850
Yellow,新埔民生,2024-02-13,512
Yellow,幸福,2024-02-13,1568
Yellow,新北產業園區,2024-02-13,1073
Yellow,大坪林,2024-02-14,6492
Yellow,頭前庄,2024-02-14,1392
Yellow,十四張,2024-02-14,1599
Yellow,秀朗橋,2024-02-14,1079
Yellow,景平,2024-02-14,1296
Yellow,中和,2024-02-14,1699
Yellow,橋和,2024-02-14,473
Yellow,中原,2024-02-14,642
Yellow,板新,2024-02-14,815
Yellow,新埔民生,2024-02-14,493
Yellow,幸福,2024-02-14,1359
Yellow,新北產業園區,2024-02-14,1059
Yellow,大坪林,2024-02-15,10196
Yellow,頭前庄,2024-02-15,2054
Yellow,十四張,2024-02-15,1746
Yellow,秀朗橋,2024-02-15,1251
Yellow,景平,2024-02-15,1771
Yellow,中和,2024-02-15,2093
Yellow,橋和,2024-02-15,1285
Yellow,中原,2024-02-15,1801
Yellow,板新,2024-02-15,1279
Yellow,新埔民生,2024-02-15,527
Yellow,幸福,2024-02-15,2172
Yellow,新北產業園區,2024-02-15,1720
Yellow,大坪林,2024-02-16,10626
Yellow,頭前庄,2024-02-16,2201
Yellow,十四張,2024-02-16,1943
Yellow,秀朗橋,2024-02-16,1245
Yellow,景平,2024-02-16,1841
Yellow,中和,2024-02-16,2209
Yellow,橋和,2024-02-16,1315
Yellow,中原,2024-02-16,1910
Yellow,板新,2024-02-16,1333
Yellow,新埔民生,2024-02-16,534
Yellow,幸福,2024-02-16,2281
Yellow,新北產業園區,2024-02-16,1838
Yellow,大坪林,2024-02-17,9298
Yellow,頭前庄,2024-02-17,2202
Yellow,十四張,2024-02-17,2043
Yellow,秀朗橋,2024-02-17,1262
Yellow,景平,2024-02-17,1845
Yellow,中和,2024-02-17,2292
Yellow,橋和,2024-02-17,994
Yellow,中原,2024-02-17,1397
Yellow,板新,2024-02-17,1238
Yellow,新埔民生,2024-02-17,615
Yellow,幸福,2024-02-17,2238
Yellow,新北產業園區,2024-02-17,1751
Yellow,大坪林,2024-02-18,6271
Yellow,頭前庄,2024-02-18,1491
Yellow,十四張,2024-02-18,1414
Yellow,秀朗橋,2024-02-18,1009
Yellow,景平,2024-02-18,1439
Yellow,中和,2024-02-18,1740
Yellow,橋和,2024-02-18,442
Yellow,中原,2024-02-18,700
Yellow,板新,2024-02-18,856
Yellow,新埔民生,2024-02-18,601
Yellow,幸福,2024-02-18,1381
Yellow,新北產業園區,2024-02-18,1198
Yellow,大坪林,2024-02-19,11116
Yellow,頭前庄,2024-02-19,2347
Yellow,十四張,2024-02-19,2186
Yellow,秀朗橋,2024-02-19,1281
Yellow,景平,2024-02-19,1911
Yellow,中和,2024-02-19,2350
Yellow,橋和,2024-02-19,1373
Yellow,中原,2024-02-19,1854
Yellow,板新,2024-02-19,1446
Yellow,新埔民生,2024-02-19,638
Yellow,幸福,2024-02-19,2303
Yellow,新北產業園區,2024-02-19,1854
Yellow,大坪林,2024-02-20,11476
Yellow,頭前庄,2024-02-20,2387
Yellow,十四張,2024-02-20,2260
Yellow,秀朗橋,2024-02-20,1291
Yellow,景平,2024-02-20,2014
Yellow,中和,2024-02-20,2250
Yellow,橋和,2024-02-20,1352
Yellow,中原,2024-02-20,2034
Yellow,板新,2024-02-20,1452
Yellow,新埔民生,2024-02-20,632
Yellow,幸福,2024-02-20,2350
Yellow,新北產業園區,2024-02-20,2069
Yellow,大坪林,2024-02-21,11461
Yellow,頭前庄,2024-02-21,2361
Yellow,十四張,2024-02-21,2399
Yellow,秀朗橋,2024-02-21,1297
Yellow,景平,2024-02-21,1947
Yellow,中和,2024-02-21,2299
Yellow,橋和,2024-02-21,1414
Yellow,中原,2024-02-21,1967
Yellow,板新,2024-02-21,1456
Yellow,新埔民生,2024-02-21,652
Yellow,幸福,2024-02-21,2372
Yellow,新北產業園區,2024-02-21,2025
Yellow,大坪林,2024-02-22,11419
Yellow,頭前庄,2024-02-22,2347
Yellow,十四張,2024-02-22,2298
Yellow,秀朗橋,2024-02-22,1327
Yellow,景平,2024-02-22,1965
Yellow,中和,2024-02-22,2301
Yellow,橋和,2024-02-22,1376
Yellow,中原,2024-02-22,2019
Yellow,板新,2024-02-22,1480
Yellow,新埔民生,2024-02-22,636
Yellow,幸福,2024-02-22,2355
Yellow,新北產業園區,2024-02-22,2013
Yellow,大坪林,2024-02-23,12208
Yellow,頭前庄,2024-02-23,2486
Yellow,十四張,2024-02-23,2203
Yellow,秀朗橋,2024-02-23,1400
Yellow,景平,2024-02-23,2106
Yellow,中和,2024-02-23,2533
Yellow,橋和,2024-02-23,1450
Yellow,中原,2024-02-23,2003
Yellow,板新,2024-02-23,1503
Yellow,新埔民生,2024-02-23,699
Yellow,幸福,2024-02-23,2589
Yellow,新北產業園區,2024-02-23,2125
Yellow,大坪林,2024-02-24,8261
Yellow,頭前庄,2024-02-24,1815
Yellow,十四張,2024-02-24,1798
Yellow,秀朗橋,2024-02-24,1325
Yellow,景平,2024-02-24,1648
Yellow,中和,2024-02-24,2163
Yellow,橋和,2024-02-24,740
Yellow,中原,2024-02-24,897
Yellow,板新,2024-02-24,1075
Yellow,新埔民生,2024-02-24,836
Yellow,幸福,2024-02-24,2042
Yellow,新北產業園區,2024-02-24,1404
Yellow,大坪林,2024-02-25,6517
Yellow,頭前庄,2024-02-25,1610
Yellow,十四張,2024-02-25,1369
Yellow,秀朗橋,2024-02-25,1082
Yellow,景平,2024-02-25,1359
Yellow,中和,2024-02-25,1838
Yellow,橋和,2024-02-25,479
Yellow,中原,2024-02-25,670
Yellow,板新,2024-02-25,846
Yellow,新埔民生,2024-02-25,508
Yellow,幸福,2024-02-25,1511
Yellow,新北產業園區,2024-02-25,1123
Yellow,大坪林,2024-02-26,11199
Yellow,頭前庄,2024-02-26,2237
Yellow,十四張,2024-02-26,2125
Yellow,秀朗橋,2024-02-26,1304
Yellow,景平,2024-02-26,1957
Yellow,中和,2024-02-26,2332
Yellow,橋和,2024-02-26,1345
Yellow,中原,2024-02-26,1956
Yellow,板新,2024-02-26,1529
Yellow,新埔民生,2024-02-26,752
Yellow,幸福,2024-02-26,2382
Yellow,新北產業園區,2024-02-26,1962
Yellow,大坪林,2024-02-27,11628
Yellow,頭前庄,2024-02-27,2358
Yellow,十四張,2024-02-27,2421
Yellow,秀朗橋,2024-02-27,1549
Yellow,景平,2024-02-27,2218
Yellow,中和,2024-02-27,2610
Yellow,橋和,2024-02-27,1527
Yellow,中原,2024-02-27,2130
Yellow,板新,2024-02-27,1636
Yellow,新埔民生,2024-02-27,832
Yellow,幸福,2024-02-27,2558
Yellow,新北產業園區,2024-02-27,2119
Yellow,大坪林,2024-02-28,6930
Yellow,頭前庄,2024-02-28,1691
Yellow,十四張,2024-02-28,1638
Yellow,秀朗橋,2024-02-28,1231
Yellow,景平,2024-02-28,1428
Yellow,中和,2024-02-28,1948
Yellow,橋和,2024-02-28,612
Yellow,中原,2024-02-28,720
Yellow,板新,2024-02-28,953
Yellow,新埔民生,2024-02-28,738
Yellow,幸福,2024-02-28,1703
Yellow,新北產業園區,2024-02-28,1091
Yellow,大坪林,2024-02-29,11658
Yellow,頭前庄,2024-02-29,2389
Yellow,十四張,2024-02-29,2398
Yellow,秀朗橋,2024-02-29,1380
Yellow,景平,2024-02-29,2005
Yellow,中和,2024-02-29,2473
Yellow,橋和,2024-02-29,1416
Yellow,中原,2024-02-29,2001
Yellow,板新,2024-02-29,1635
Yellow,新埔民生,2024-02-29,700
Yellow,幸福,2024-02-29,2418
Yellow,新北產業園區,2024-02-29,2031
Yellow,大坪林,2024-03-01,11836
Yellow,頭前庄,2024-03-01,2367
Yellow,十四張,2024-03-01,2191
Yellow,秀朗橋,2024-03-01,1552
Yellow,景平,2024-03-01,2229
Yellow,中和,2024-03-01,2675
Yellow,橋和,2024-03-01,1515
Yellow,中原,2024-03-01,2111
Yellow,板新,2024-03-01,1692
Yellow,新埔民生,2024-03-01,796
Yellow,幸福,2024-03-01,2604
Yellow,新北產業園區,2024-03-01,2147
Yellow,大坪林,2024-03-02,7655
Yellow,頭前庄,2024-03-02,1640
Yellow,十四張,2024-03-02,1502
Yellow,秀朗橋,2024-03-02,1277
Yellow,景平,2024-03-02,1580
Yellow,中和,2024-03-02,2148
Yellow,橋和,2024-03-02,654
Yellow,中原,2024-03-02,727
Yellow,板新,2024-03-02,1130
Yellow,新埔民生,2024-03-02,577
Yellow,幸福,2024-03-02,1796
Yellow,新北產業園區,2024-03-02,1264
Yellow,大坪林,2024-03-03,6800
Yellow,頭前庄,2024-03-03,1451
Yellow,十四張,2024-03-03,1370
Yellow,秀朗橋,2024-03-03,1044
Yellow,景平,2024-03-03,1451
Yellow,中和,2024-03-03,1775
Yellow,橋和,2024-03-03,517
Yellow,中原,2024-03-03,601
Yellow,板新,2024-03-03,867
Yellow,新埔民生,2024-03-03,533
Yellow,幸福,2024-03-03,1430
Yellow,新北產業園區,2024-03-03,1137
Yellow,大坪林,2024-03-04,11101
Yellow,頭前庄,2024-03-04,2293
Yellow,十四張,2024-03-04,2244
Yellow,秀朗橋,2024-03-04,1350
Yellow,景平,2024-03-04,1920
Yellow,中和,2024-03-04,2389
Yellow,橋和,2024-03-04,1369
Yellow,中原,2024-03-04,1958
Yellow,板新,2024-03-04,1588
Yellow,新埔民生,2024-03-04,713
Yellow,幸福,2024-03-04,2389
Yellow,新北產業園區,2024-03-04,1904
Yellow,大坪林,2024-03-05,11539
Yellow,頭前庄,2024-03-05,2379
Yellow,十四張,2024-03-05,2359
Yellow,秀朗橋,2024-03-05,1373
Yellow,景平,2024-03-05,2090
Yellow,中和,2024-03-05,2396
Yellow,橋和,2024-03-05,1451
Yellow,中原,2024-03-05,1999
Yellow,板新,2024-03-05,1547
Yellow,新埔民生,2024-03-05,714
Yellow,幸福,2024-03-05,2491
Yellow,新北產業園區,2024-03-05,1979
Yellow,大坪林,2024-03-06,11446
Yellow,頭前庄,2024-03-06,2295
Yellow,十四張,2024-03-06,2400
Yellow,秀朗橋,2024-03-06,1400
Yellow,景平,2024-03-06,2114
Yellow,中和,2024-03-06,2533
Yellow,橋和,2024-03-06,1485
Yellow,中原,2024-03-06,2120
Yellow,板新,2024-03-06,1550
Yellow,新埔民生,2024-03-06,731
Yellow,幸福,2024-03-06,2433
Yellow,新北產業園區,2024-03-06,2096
Yellow,大坪林,2024-03-07,11349
Yellow,頭前庄,2024-03-07,2300
Yellow,十四張,2024-03-07,2270
Yellow,秀朗橋,2024-03-07,1489
Yellow,景平,2024-03-07,2090
Yellow,中和,2024-03-07,2491
Yellow,橋和,2024-03-07,1436
Yellow,中原,2024-03-07,2018
Yellow,板新,2024-03-07,1588
Yellow,新埔民生,2024-03-07,732
Yellow,幸福,2024-03-07,2594
Yellow,新北產業園區,2024-03-07,2067
Yellow,大坪林,2024-03-08,12662
Yellow,頭前庄,2024-03-08,2513
Yellow,十四張,2024-03-08,2321
Yellow,秀朗橋,2024-03-08,1451
Yellow,景平,2024-03-08,2157
Yellow,中和,2024-03-08,2632
Yellow,橋和,2024-03-08,1497
Yellow,中原,2024-03-08,1993
Yellow,板新,2024-03-08,1615
Yellow,新埔民生,2024-03-08,799
Yellow,幸福,2024-03-08,2697
Yellow,新北產業園區,2024-03-08,2304
Yellow,大坪林,2024-03-09,8008
Yellow,頭前庄,2024-03-09,1830
Yellow,十四張,2024-03-09,1723
Yellow,秀朗橋,2024-03-09,1200
Yellow,景平,2024-03-09,1565
Yellow,中和,2024-03-09,2195
Yellow,橋和,2024-03-09,646
Yellow,中原,2024-03-09,795
Yellow,板新,2024-03-09,1071
Yellow,新埔民生,2024-03-09,684
Yellow,幸福,2024-03-09,2016
Yellow,新北產業園區,2024-03-09,1368
Yellow,大坪林,2024-03-10,6542
Yellow,頭前庄,2024-03-10,1485
Yellow,十四張,2024-03-10,1365
Yellow,秀朗橋,2024-03-10,1027
Yellow,景平,2024-03-10,1376
Yellow,中和,2024-03-10,1737
Yellow,橋和,2024-03-10,471
Yellow,中原,2024-03-10,600
Yellow,板新,2024-03-10,844
Yellow,新埔民生,2024-03-10,501
Yellow,幸福,2024-03-10,1438
Yellow,新北產業園區,2024-03-10,1054
Yellow,大坪林,2024-03-11,11134
Yellow,頭前庄,2024-03-11,2251
Yellow,十四張,2024-03-11,2305
Yellow,秀朗橋,2024-03-11,1315
Yellow,景平,2024-03-11,2061
Yellow,中和,2024-03-11,2380
Yellow,橋和,2024-03-11,1480
Yellow,中原,2024-03-11,2092
Yellow,板新,2024-03-11,1565
Yellow,新埔民生,2024-03-11,721
Yellow,幸福,2024-03-11,2349
Yellow,新北產業園區,2024-03-11,2055
Yellow,大坪林,2024-03-12,11609
Yellow,頭前庄,2024-03-12,2349
Yellow,十四張,2024-03-12,2283
Yellow,秀朗橋,2024-03-12,1417
Yellow,景平,2024-03-12,2065
Yellow,中和,2024-03-12,2445
Yellow,橋和,2024-03-12,1452
Yellow,中原,2024-03-12,2029
Yellow,板新,2024-03-12,1575
Yellow,新埔民生,2024-03-12,732
Yellow,幸福,2024-03-12,2542
Yellow,新北產業園區,2024-03-12,2049
Yellow,大坪林,2024-03-13,11455
Yellow,頭前庄,2024-03-13,2318
Yellow,十四張,2024-03-13,2465
Yellow,秀朗橋,2024-03-13,1329
Yellow,景平,2024-03-13,1994
Yellow,中和,2024-03-13,2443
Yellow,橋和,2024-03-13,1456
Yellow,中原,2024-03-13,2028
Yellow,板新,2024-03-13,1578
Yellow,新埔民生,2024-03-13,724
Yellow,幸福,2024-03-13,2307
Yellow,新北產業園區,2024-03-13,2030
Yellow,大坪林,2024-03-14,11407
Yellow,頭前庄,2024-03-14,2386
Yellow,十四張,2024-03-14,2320
Yellow,秀朗橋,2024-03-14,1385
Yellow,景平,2024-03-14,1999
Yellow,中和,2024-03-14,2455
Yellow,橋和,2024-03-14,1453
Yellow,中原,2024-03-14,2013
Yellow,板新,2024-03-14,1514
Yellow,新埔民生,2024-03-14,723
Yellow,幸福,2024-03-14,2436
Yellow,新北產業園區,2024-03-14,2014
Yellow,大坪林,2024-03-15,12141
Yellow,頭前庄,2024-03-15,2392
Yellow,十四張,2024-03-15,2230
Yellow,秀朗橋,2024-03-15,1430
Yellow,景平,2024-03-15,2120
Yellow,中和,2024-03-15,2552
Yellow,橋和,2024-03-15,1455
Yellow,中原,2024-03-15,2090
Yellow,板新,2024-03-15,1544
Yellow,新埔民生,2024-03-15,788
Yellow,幸福,2024-03-15,2592
Yellow,新北產業園區,2024-03-15,2237
Yellow,大坪林,2024-03-16,8487
Yellow,頭前庄,2024-03-16,2005
Yellow,十四張,2024-03-16,1714
Yellow,秀朗橋,2024-03-16,1319
Yellow,景平,2024-03-16,1580
Yellow,中和,2024-03-16,2161
Yellow,橋和,2024-03-16,720
Yellow,中原,2024-03-16,896
Yellow,板新,2024-03-16,1075
Yellow,新埔民生,2024-03-16,629
Yellow,幸福,2024-03-16,1962
Yellow,新北產業園區,2024-03-16,1324
Yellow,大坪林,2024-03-17,6846
Yellow,頭前庄,2024-03-17,1485
Yellow,十四張,2024-03-17,1366
Yellow,秀朗橋,2024-03-17,1074
Yellow,景平,2024-03-17,1360
Yellow,中和,2024-03-17,1719
Yellow,橋和,2024-03-17,454
Yellow,中原,2024-03-17,698
Yellow,板新,2024-03-17,842
Yellow,新埔民生,2024-03-17,521
Yellow,幸福,2024-03-17,1587
Yellow,新北產業園區,2024-03-17,1061
Yellow,大坪林,2024-03-18,11050
Yellow,頭前庄,2024-03-18,2221
Yellow,十四張,2024-03-18,2150
Yellow,秀朗橋,2024-03-18,1284
Yellow,景平,2024-03-18,1947
Yellow,中和,2024-03-18,2366
Yellow,橋和,2024-03-18,1408
Yellow,中原,2024-03-18,1986
Yellow,板新,2024-03-18,1544
Yellow,新埔民生,2024-03-18,729
Yellow,幸福,2024-03-18,2482
Yellow,新北產業園區,2024-03-18,1994
Yellow,大坪林,2024-03-19,11246
Yellow,頭前庄,2024-03-19,2282
Yellow,十四張,2024-03-19,2279
Yellow,秀朗橋,2024-03-19,1413
Yellow,景平,2024-03-19,2071
Yellow,中和,2024-03-19,2424
Yellow,橋和,2024-03-19,1423
Yellow,中原,2024-03-19,2029
Yellow,板新,2024-03-19,1545
Yellow,新埔民生,2024-03-19,737
Yellow,幸福,2024-03-19,2490
Yellow,新北產業園區,2024-03-19,2052
Yellow,大坪林,2024-03-20,11419
Yellow,頭前庄,2024-03-20,2340
Yellow,十四張,2024-03-20,2448
Yellow,秀朗橋,2024-03-20,1374
Yellow,景平,2024-03-20,2013
Yellow,中和,2024-03-20,2464
Yellow,橋和,2024-03-20,1479
Yellow,中原,2024-03-20,1985
Yellow,板新,2024-03-20,1562
Yellow,新埔民生,2024-03-20,755
Yellow,幸福,2024-03-20,2473
Yellow,新北產業園區,2024-03-20,2011
Yellow,大坪林,2024-03-21,11534
Yellow,頭前庄,2024-03-21,2362
Yellow,十四張,2024-03-21,2326
Yellow,秀朗橋,2024-03-21,1315
Yellow,景平,2024-03-21,2004
Yellow,中和,2024-03-21,2449
Yellow,橋和,2024-03-21,1411
Yellow,中原,2024-03-21,1992
Yellow,板新,2024-03-21,1503
Yellow,新埔民生,2024-03-21,721
Yellow,幸福,2024-03-21,2519
Yellow,新北產業園區,2024-03-21,1968
Yellow,大坪林,2024-03-22,11878
Yellow,頭前庄,2024-03-22,2462
Yellow,十四張,2024-03-22,2410
Yellow,秀朗橋,2024-03-22,1421
Yellow,景平,2024-03-22,1990
Yellow,中和,2024-03-22,2540
Yellow,橋和,2024-03-22,1430
Yellow,中原,2024-03-22,2037
Yellow,板新,2024-03-22,1559
Yellow,新埔民生,2024-03-22,731
Yellow,幸福,2024-03-22,2628
Yellow,新北產業園區,2024-03-22,2146
Yellow,大坪林,2024-03-23,8190
Yellow,頭前庄,2024-03-23,1808
Yellow,十四張,2024-03-23,1769
Yellow,秀朗橋,2024-03-23,1213
Yellow,景平,2024-03-23,1543
Yellow,中和,2024-03-23,2111
Yellow,橋和,2024-03-23,626
Yellow,中原,2024-03-23,780
Yellow,板新,2024-03-23,1057
Yellow,新埔民生,2024-03-23,778
Yellow,幸福,2024-03-23,1914
Yellow,新北產業園區,2024-03-23,1270
Yellow,大坪林,2024-03-24,6276
Yellow,頭前庄,2024-03-24,1348
Yellow,十四張,2024-03-24,1434
Yellow,秀朗橋,2024-03-24,998
Yellow,景平,2024-03-24,1269
Yellow,中和,2024-03-24,1688
Yellow,橋和,2024-03-24,443
Yellow,中原,2024-03-24,634
Yellow,板新,2024-03-24,782
Yellow,新埔民生,2024-03-24,556
Yellow,幸福,2024-03-24,1399
Yellow,新北產業園區,2024-03-24,1043
Yellow,大坪林,2024-03-25,11125
Yellow,頭前庄,2024-03-25,2230
Yellow,十四張,2024-03-25,2151
Yellow,秀朗橋,2024-03-25,1300
Yellow,景平,2024-03-25,1933
Yellow,中和,2024-03-25,2337
Yellow,橋和,2024-03-25,1407
Yellow,中原,2024-03-25,1883
Yellow,板新,2024-03-25,1482
Yellow,新埔民生,2024-03-25,678
Yellow,幸福,2024-03-25,2383
Yellow,新北產業園區,2024-03-25,1998
Yellow,大坪林,2024-03-26,11196
Yellow,頭前庄,2024-03-26,2319
Yellow,十四張,2024-03-26,2402
Yellow,秀朗橋,2024-03-26,1417
Yellow,景平,2024-03-26,2093
Yellow,中和,2024-03-26,2458
Yellow,橋和,2024-03-26,1473
Yellow,中原,2024-03-26,2024
Yellow,板新,2024-03-26,1527
Yellow,新埔民生,2024-03-26,739
Yellow,幸福,2024-03-26,2519
Yellow,新北產業園區,2024-03-26,2155
Yellow,大坪林,2024-03-27,11330
Yellow,頭前庄,2024-03-27,2335
Yellow,十四張,2024-03-27,2414
Yellow,秀朗橋,2024-03-27,1336
Yellow,景平,2024-03-27,2002
Yellow,中和,2024-03-27,2466
Yellow,橋和,2024-03-27,1457
Yellow,中原,2024-03-27,2001
Yellow,板新,2024-03-27,1530
Yellow,新埔民生,2024-03-27,729
Yellow,幸福,2024-03-27,2476
Yellow,新北產業園區,2024-03-27,2102
Yellow,大坪林,2024-03-28,11401
Yellow,頭前庄,2024-03-28,2301
Yellow,十四張,2024-03-28,2311
Yellow,秀朗橋,2024-03-28,1320
Yellow,景平,2024-03-28,1987
Yellow,中和,2024-03-28,2418
Yellow,橋和,2024-03-28,1390
Yellow,中原,2024-03-28,2008
Yellow,板新,2024-03-28,1500
Yellow,新埔民生,2024-03-28,727
Yellow,幸福,2024-03-28,2487
Yellow,新北產業園區,2024-03-28,2026
Yellow,大坪林,2024-03-29,11695
Yellow,頭前庄,2024-03-29,2413
Yellow,十四張,2024-03-29,2318
Yellow,秀朗橋,2024-03-29,1410
Yellow,景平,2024-03-29,2025
Yellow,中和,2024-03-29,2637
Yellow,橋和,2024-03-29,1427
Yellow,中原,2024-03-29,1972
Yellow,板新,2024-03-29,1577
Yellow,新埔民生,2024-03-29,761
Yellow,幸福,2024-03-29,2553
Yellow,新北產業園區,2024-03-29,2170
Yellow,大坪林,2024-03-30,7223
Yellow,頭前庄,2024-03-30,1666
Yellow,十四張,2024-03-30,1674
Yellow,秀朗橋,2024-03-30,1165
Yellow,景平,2024-03-30,1514
Yellow,中和,2024-03-30,2244
Yellow,橋和,2024-03-30,594
Yellow,中原,2024-03-30,752
Yellow,板新,2024-03-30,1024
Yellow,新埔民生,2024-03-30,654
Yellow,幸福,2024-03-30,1834
Yellow,新北產業園區,2024-03-30,1302
Yellow,大坪林,2024-03-31,6408
Yellow,頭前庄,2024-03-31,1344
Yellow,十四張,2024-03-31,1227
Yellow,秀朗橋,2024-03-31,1010
Yellow,景平,2024-03-31,1383
Yellow,中和,2024-03-31,1698
Yellow,橋和,2024-03-31,426
Yellow,中原,2024-03-31,575
Yellow,板新,2024-03-31,787
Yellow,新埔民生,2024-03-31,478
Yellow,幸福,2024-03-31,1353
Yellow,新北產業園區,2024-03-31,988
Yellow,大坪林,2024-04-01,10813
Yellow,頭前庄,2024-04-01,2131
Yellow,十四張,2024-04-01,2209
Yellow,秀朗橋,2024-04-01,1219
Yellow,景平,2024-04-01,1852
Yellow,中和,2024-04-01,2251
Yellow,橋和,2024-04-01,1302
Yellow,中原,2024-04-01,1928
Yellow,板新,2024-04-01,1346
Yellow,新埔民生,2024-04-01,580
Yellow,幸福,2024-04-01,2292
Yellow,新北產業園區,2024-04-01,1927
Yellow,大坪林,2024-04-02,11028
Yellow,頭前庄,2024-04-02,2208
Yellow,十四張,2024-04-02,2236
Yellow,秀朗橋,2024-04-02,1264
Yellow,景平,2024-04-02,1979
Yellow,中和,2024-04-02,2229
Yellow,橋和,2024-04-02,1320
Yellow,中原,2024-04-02,1930
Yellow,板新,2024-04-02,1439
Yellow,新埔民生,2024-04-02,574
Yellow,幸福,2024-04-02,2329
Yellow,新北產業園區,2024-04-02,1996
Yellow,大坪林,2024-04-03,10195
Yellow,頭前庄,2024-04-03,2054
Yellow,十四張,2024-04-03,263
Yellow,秀朗橋,2024-04-03,282
Yellow,景平,2024-04-03,277
Yellow,中和,2024-04-03,323
Yellow,橋和,2024-04-03,40
Yellow,中原,2024-04-03,128
Yellow,板新,2024-04-03,211
Yellow,新埔民生,2024-04-03,169
Yellow,幸福,2024-04-03,680
Yellow,新北產業園區,2024-04-03,511
Yellow,大坪林,2024-04-04,6176
Yellow,頭前庄,2024-04-04,1328
Yellow,十四張,2024-04-04,0
Yellow,秀朗橋,2024-04-04,0
Yellow,景平,2024-04-04,0
Yellow,中和,2024-04-04,0
Yellow,橋和,2024-04-04,0
Yellow,中原,2024-04-04,0
Yellow,板新,2024-04-04,0
Yellow,新埔民生,2024-04-04,125
Yellow,幸福,2024-04-04,430
Yellow,新北產業園區,2024-04-04,419
Yellow,大坪林,2024-04-05,6758
Yellow,頭前庄,2024-04-05,1537
Yellow,十四張,2024-04-05,0
Yellow,秀朗橋,2024-04-05,0
Yellow,景平,2024-04-05,0
Yellow,中和,2024-04-05,0
Yellow,橋和,2024-04-05,0
Yellow,中原,2024-04-05,0
Yellow,板新,2024-04-05,0
Yellow,新埔民生,2024-04-05,233
Yellow,幸福,2024-04-05,698
Yellow,新北產業園區,2024-04-05,491
Yellow,大坪林,2024-04-06,7444
Yellow,頭前庄,2024-04-06,1662
Yellow,十四張,2024-04-06,0
Yellow,秀朗橋,2024-04-06,0
Yellow,景平,2024-04-06,0
Yellow,中和,2024-04-06,0
Yellow,橋和,2024-04-06,0
Yellow,中原,2024-04-06,0
Yellow,板新,2024-04-06,0
Yellow,新埔民生,2024-04-06,234
Yellow,幸福,2024-04-06,817
Yellow,新北產業園區,2024-04-06,524
Yellow,大坪林,2024-04-07,6269
Yellow,頭前庄,2024-04-07,1326
Yellow,十四張,2024-04-07,412
Yellow,秀朗橋,2024-04-07,199
Yellow,景平,2024-04-07,400
Yellow,中和,2024-04-07,516
Yellow,橋和,2024-04-07,0
Yellow,中原,2024-04-07,0
Yellow,板新,2024-04-07,0
Yellow,新埔民生,2024-04-07,217
Yellow,幸福,2024-04-07,648
Yellow,新北產業園區,2024-04-07,453
Yellow,大坪林,2024-04-08,11738
Yellow,頭前庄,2024-04-08,2245
Yellow,十四張,2024-04-08,1579
Yellow,秀朗橋,2024-04-08,821
Yellow,景平,2024-04-08,1241
Yellow,中和,2024-04-08,1961
Yellow,橋和,2024-04-08,0
Yellow,中原,2024-04-08,0
Yellow,板新,2024-04-08,0
Yellow,新埔民生,2024-04-08,449
Yellow,幸福,2024-04-08,1449
Yellow,新北產業園區,2024-04-08,1196
Yellow,大坪林,2024-04-09,11945
Yellow,頭前庄,2024-04-09,2383
Yellow,十四張,2024-04-09,1826
Yellow,秀朗橋,2024-04-09,1001
Yellow,景平,2024-04-09,1376
Yellow,中和,2024-04-09,2188
Yellow,橋和,2024-04-09,0
Yellow,中原,2024-04-09,0
Yellow,板新,2024-04-09,0
Yellow,新埔民生,2024-04-09,426
Yellow,幸福,2024-04-09,1325
Yellow,新北產業園區,2024-04-09,1184
Yellow,大坪林,2024-04-10,12098
Yellow,頭前庄,2024-04-10,2440
Yellow,十四張,2024-04-10,2007
Yellow,秀朗橋,2024-04-10,977
Yellow,景平,2024-04-10,1481
Yellow,中和,2024-04-10,2324
Yellow,橋和,2024-04-10,0
Yellow,中原,2024-04-10,0
Yellow,板新,2024-04-10,0
Yellow,新埔民生,2024-04-10,434
Yellow,幸福,2024-04-10,1328
Yellow,新北產業園區,2024-04-10,1138
Yellow,大坪林,2024-04-11,11928
Yellow,頭前庄,2024-04-11,2491
Yellow,十四張,2024-04-11,1995
Yellow,秀朗橋,2024-04-11,1022
Yellow,景平,2024-04-11,1364
Yellow,中和,2024-04-11,2225
Yellow,橋和,2024-04-11,0
Yellow,中原,2024-04-11,0
Yellow,板新,2024-04-11,0
Yellow,新埔民生,2024-04-11,431
Yellow,幸福,2024-04-11,1271
Yellow,新北產業園區,2024-04-11,1073
Yellow,大坪林,2024-04-12,12941
Yellow,頭前庄,2024-04-12,2570
Yellow,十四張,2024-04-12,1900
Yellow,秀朗橋,2024-04-12,1082
Yellow,景平,2024-04-12,1388
Yellow,中和,2024-04-12,2347
Yellow,橋和,2024-04-12,0
Yellow,中原,2024-04-12,0
Yellow,板新,2024-04-12,0
Yellow,新埔民生,2024-04-12,435
Yellow,幸福,2024-04-12,1342
Yellow,新北產業園區,2024-04-12,1152
Yellow,大坪林,2024-04-13,8355
Yellow,頭前庄,2024-04-13,1843
Yellow,十四張,2024-04-13,1306
Yellow,秀朗橋,2024-04-13,969
Yellow,景平,2024-04-13,1134
Yellow,中和,2024-04-13,1847
Yellow,橋和,2024-04-13,0
Yellow,中原,2024-04-13,0
Yellow,板新,2024-04-13,0
Yellow,新埔民生,2024-04-13,384
Yellow,幸福,2024-04-13,1017
Yellow,新北產業園區,2024-04-13,766
Yellow,大坪林,2024-04-14,6784
Yellow,頭前庄,2024-04-14,1521
Yellow,十四張,2024-04-14,1028
Yellow,秀朗橋,2024-04-14,829
Yellow,景平,2024-04-14,1053
Yellow,中和,2024-04-14,1558
Yellow,橋和,2024-04-14,0
Yellow,中原,2024-04-14,0
Yellow,板新,2024-04-14,0
Yellow,新埔民生,2024-04-14,271
Yellow,幸福,2024-04-14,844
Yellow,新北產業園區,2024-04-14,609
Yellow,大坪林,2024-04-15,11784
Yellow,頭前庄,2024-04-15,2331
Yellow,十四張,2024-04-15,1825
Yellow,秀朗橋,2024-04-15,1031
Yellow,景平,2024-04-15,1423
Yellow,中和,2024-04-15,2436
Yellow,橋和,2024-04-15,0
Yellow,中原,2024-04-15,0
Yellow,板新,2024-04-15,0
Yellow,新埔民生,2024-04-15,412
Yellow,幸福,2024-04-15,1227
Yellow,新北產業園區,2024-04-15,1116
Yellow,大坪林,2024-04-16,11861
Yellow,頭前庄,2024-04-16,2425
Yellow,十四張,2024-04-16,1897
Yellow,秀朗橋,2024-04-16,1023
Yellow,景平,2024-04-16,1534
Yellow,中和,2024-04-16,2550
Yellow,橋和,2024-04-16,0
Yellow,中原,2024-04-16,0
Yellow,板新,2024-04-16,0
Yellow,新埔民生,2024-04-16,443
Yellow,幸福,2024-04-16,1268
Yellow,新北產業園區,2024-04-16,1112
Yellow,大坪林,2024-04-17,12074
Yellow,頭前庄,2024-04-17,2519
Yellow,十四張,2024-04-17,2109
Yellow,秀朗橋,2024-04-17,1079
Yellow,景平,2024-04-17,1497
Yellow,中和,2024-04-17,2602
Yellow,橋和,2024-04-17,0
Yellow,中原,2024-04-17,0
Yellow,板新,2024-04-17,0
Yellow,新埔民生,2024-04-17,393
Yellow,幸福,2024-04-17,1248
Yellow,新北產業園區,2024-04-17,1090
Yellow,大坪林,2024-04-18,12103
Yellow,頭前庄,2024-04-18,2490
Yellow,十四張,2024-04-18,2226
Yellow,秀朗橋,2024-04-18,1300
Yellow,景平,2024-04-18,1790
Yellow,中和,2024-04-18,2786
Yellow,橋和,2024-04-18,0
Yellow,中原,2024-04-18,0
Yellow,板新,2024-04-18,0
Yellow,新埔民生,2024-04-18,434
Yellow,幸福,2024-04-18,1633
Yellow,新北產業園區,2024-04-18,1213
Yellow,大坪林,2024-04-19,12670
Yellow,頭前庄,2024-04-19,2633
Yellow,十四張,2024-04-19,1995
Yellow,秀朗橋,2024-04-19,1149
Yellow,景平,2024-04-19,1673
Yellow,中和,2024-04-19,2662
Yellow,橋和,2024-04-19,0
Yellow,中原,2024-04-19,0
Yellow,板新,2024-04-19,0
Yellow,新埔民生,2024-04-19,428
Yellow,幸福,2024-04-19,1329
Yellow,新北產業園區,2024-04-19,1139
Yellow,大坪林,2024-04-20,8921
Yellow,頭前庄,2024-04-20,1921
Yellow,十四張,2024-04-20,1773
Yellow,秀朗橋,2024-04-20,1115
Yellow,景平,2024-04-20,1298
Yellow,中和,2024-04-20,1998
Yellow,橋和,2024-04-20,0
Yellow,中原,2024-04-20,0
Yellow,板新,2024-04-20,0
Yellow,新埔民生,2024-04-20,406
Yellow,幸福,2024-04-20,1169
Yellow,新北產業園區,2024-04-20,844
Yellow,大坪林,2024-04-21,7041
Yellow,頭前庄,2024-04-21,1583
Yellow,十四張,2024-04-21,1281
Yellow,秀朗橋,2024-04-21,906
Yellow,景平,2024-04-21,1032
Yellow,中和,2024-04-21,1581
Yellow,橋和,2024-04-21,0
Yellow,中原,2024-04-21,0
Yellow,板新,2024-04-21,0
Yellow,新埔民生,2024-04-21,276
Yellow,幸福,2024-04-21,799
Yellow,新北產業園區,2024-04-21,689
Yellow,大坪林,2024-04-22,11787
Yellow,頭前庄,2024-04-22,2316
Yellow,十四張,2024-04-22,1952
Yellow,秀朗橋,2024-04-22,1110
Yellow,景平,2024-04-22,1559
Yellow,中和,2024-04-22,2450
Yellow,橋和,2024-04-22,0
Yellow,中原,2024-04-22,0
Yellow,板新,2024-04-22,0
Yellow,新埔民生,2024-04-22,419
Yellow,幸福,2024-04-22,1197
Yellow,新北產業園區,2024-04-22,1084
Yellow,大坪林,2024-04-23,11619
Yellow,頭前庄,2024-04-23,2282
Yellow,十四張,2024-04-23,1862
Yellow,秀朗橋,2024-04-23,1070
Yellow,景平,2024-04-23,1604
Yellow,中和,2024-04-23,2376
Yellow,橋和,2024-04-23,0
Yellow,中原,2024-04-23,0
Yellow,板新,2024-04-23,0
Yellow,新埔民生,2024-04-23,358
Yellow,幸福,2024-04-23,1150
Yellow,新北產業園區,2024-04-23,1034
Yellow,大坪林,2024-04-24,11866
Yellow,頭前庄,2024-04-24,2373
Yellow,十四張,2024-04-24,2325
Yellow,秀朗橋,2024-04-24,1256
Yellow,景平,2024-04-24,1805
Yellow,中和,2024-04-24,2834
Yellow,橋和,2024-04-24,0
Yellow,中原,2024-04-24,0
Yellow,板新,2024-04-24,0
Yellow,新埔民生,2024-04-24,441
Yellow,幸福,2024-04-24,1561
Yellow,新北產業園區,2024-04-24,1156
Yellow,大坪林,2024-04-25,11883
Yellow,頭前庄,2024-04-25,2422
Yellow,十四張,2024-04-25,2108
Yellow,秀朗橋,2024-04-25,1221
Yellow,景平,2024-04-25,1736
Yellow,中和,2024-04-25,2700
Yellow,橋和,2024-04-25,0
Yellow,中原,2024-04-25,0
Yellow,板新,2024-04-25,0
Yellow,新埔民生,2024-04-25,408
Yellow,幸福,2024-04-25,1380
Yellow,新北產業園區,2024-04-25,1087
Yellow,大坪林,2024-04-26,12437
Yellow,頭前庄,2024-04-26,2469
Yellow,十四張,2024-04-26,1908
Yellow,秀朗橋,2024-04-26,1188
Yellow,景平,2024-04-26,1657
Yellow,中和,2024-04-26,2511
Yellow,橋和,2024-04-26,0
Yellow,中原,2024-04-26,0
Yellow,板新,2024-04-26,0
Yellow,新埔民生,2024-04-26,428
Yellow,幸福,2024-04-26,1276
Yellow,新北產業園區,2024-04-26,1114
Yellow,大坪林,2024-04-27,7956
Yellow,頭前庄,2024-04-27,1681
Yellow,十四張,2024-04-27,1445
Yellow,秀朗橋,2024-04-27,997
Yellow,景平,2024-04-27,1131
Yellow,中和,2024-04-27,1662
Yellow,橋和,2024-04-27,0
Yellow,中原,2024-04-27,0
Yellow,板新,2024-04-27,0
Yellow,新埔民生,2024-04-27,344
Yellow,幸福,2024-04-27,839
Yellow,新北產業園區,2024-04-27,640
Yellow,大坪林,2024-04-28,6613
Yellow,頭前庄,2024-04-28,1324
Yellow,十四張,2024-04-28,1202
Yellow,秀朗橋,2024-04-28,895
Yellow,景平,2024-04-28,1068
Yellow,中和,2024-04-28,1407
Yellow,橋和,2024-04-28,0
Yellow,中原,2024-04-28,0
Yellow,板新,2024-04-28,0
Yellow,新埔民生,2024-04-28,263
Yellow,幸福,2024-04-28,709
Yellow,新北產業園區,2024-04-28,564
Yellow,大坪林,2024-04-29,11814
Yellow,頭前庄,2024-04-29,2339
Yellow,十四張,2024-04-29,1940
Yellow,秀朗橋,2024-04-29,1117
Yellow,景平,2024-04-29,1486
Yellow,中和,2024-04-29,2515
Yellow,橋和,2024-04-29,0
Yellow,中原,2024-04-29,0
Yellow,板新,2024-04-29,0
Yellow,新埔民生,2024-04-29,390
Yellow,幸福,2024-04-29,1130
Yellow,新北產業園區,2024-04-29,1111
Yellow,大坪林,2024-04-30,12289
Yellow,頭前庄,2024-04-30,2469
Yellow,十四張,2024-04-30,2009
Yellow,秀朗橋,2024-04-30,1111
Yellow,景平,2024-04-30,1708
Yellow,中和,2024-04-30,2550
Yellow,橋和,2024-04-30,0
Yellow,中原,2024-04-30,0
Yellow,板新,2024-04-30,0
Yellow,新埔民生,2024-04-30,377
Yellow,幸福,2024-04-30,1208
Yellow,新北產業園區,2024-04-30,1071
Yellow,大坪林,2024-05-01,7867
Yellow,頭前庄,2024-05-01,1689
Yellow,十四張,2024-05-01,1783
Yellow,秀朗橋,2024-05-01,887
Yellow,景平,2024-05-01,1114
Yellow,中和,2024-05-01,1586
Yellow,橋和,2024-05-01,0
Yellow,中原,2024-05-01,0
Yellow,板新,2024-05-01,0
Yellow,新埔民生,2024-05-01,350
Yellow,幸福,2024-05-01,914
Yellow,新北產業園區,2024-05-01,592
Yellow,大坪林,2024-05-02,11892
Yellow,頭前庄,2024-05-02,2385
Yellow,十四張,2024-05-02,2136
Yellow,秀朗橋,2024-05-02,1234
Yellow,景平,2024-05-02,1667
Yellow,中和,2024-05-02,2495
Yellow,橋和,2024-05-02,0
Yellow,中原,2024-05-02,0
Yellow,板新,2024-05-02,0
Yellow,新埔民生,2024-05-02,361
Yellow,幸福,2024-05-02,1224
Yellow,新北產業園區,2024-05-02,1039
Yellow,大坪林,2024-05-03,12624
Yellow,頭前庄,2024-05-03,2610
Yellow,十四張,2024-05-03,1970
Yellow,秀朗橋,2024-05-03,1190
Yellow,景平,2024-05-03,1616
Yellow,中和,2024-05-03,2590
Yellow,橋和,2024-05-03,0
Yellow,中原,2024-05-03,0
Yellow,板新,2024-05-03,0
Yellow,新埔民生,2024-05-03,359
Yellow,幸福,2024-05-03,1215
Yellow,新北產業園區,2024-05-03,1153
Yellow,大坪林,2024-05-04,8005
Yellow,頭前庄,2024-05-04,1790
Yellow,十四張,2024-05-04,1457
Yellow,秀朗橋,2024-05-04,1086
Yellow,景平,2024-05-04,1275
Yellow,中和,2024-05-04,1673
Yellow,橋和,2024-05-04,0
Yellow,中原,2024-05-04,0
Yellow,板新,2024-05-04,0
Yellow,新埔民生,2024-05-04,322
Yellow,幸福,2024-05-04,969
Yellow,新北產業園區,2024-05-04,753
Yellow,大坪林,2024-05-05,6770
Yellow,頭前庄,2024-05-05,1421
Yellow,十四張,2024-05-05,1162
Yellow,秀朗橋,2024-05-05,907
Yellow,景平,2024-05-05,1146
Yellow,中和,2024-05-05,1408
Yellow,橋和,2024-05-05,0
Yellow,中原,2024-05-05,0
Yellow,板新,2024-05-05,0
Yellow,新埔民生,2024-05-05,281
Yellow,幸福,2024-05-05,768
Yellow,新北產業園區,2024-05-05,644
Yellow,大坪林,2024-05-06,11706
Yellow,頭前庄,2024-05-06,2354
Yellow,十四張,2024-05-06,1936
Yellow,秀朗橋,2024-05-06,1085
Yellow,景平,2024-05-06,1522
Yellow,中和,2024-05-06,2389
Yellow,橋和,2024-05-06,0
Yellow,中原,2024-05-06,0
Yellow,板新,2024-05-06,0
Yellow,新埔民生,2024-05-06,358
Yellow,幸福,2024-05-06,1152
Yellow,新北產業園區,2024-05-06,1029
Yellow,大坪林,2024-05-07,11898
Yellow,頭前庄,2024-05-07,2422
Yellow,十四張,2024-05-07,1985
Yellow,秀朗橋,2024-05-07,1059
Yellow,景平,2024-05-07,1554
Yellow,中和,2024-05-07,2435
Yellow,橋和,2024-05-07,0
Yellow,中原,2024-05-07,0
Yellow,板新,2024-05-07,0
Yellow,新埔民生,2024-05-07,316
Yellow,幸福,2024-05-07,1126
Yellow,新北產業園區,2024-05-07,1045
Yellow,大坪林,2024-05-08,12129
Yellow,頭前庄,2024-05-08,2427
Yellow,十四張,2024-05-08,2001
Yellow,秀朗橋,2024-05-08,1094
Yellow,景平,2024-05-08,1548
Yellow,中和,2024-05-08,2491
Yellow,橋和,2024-05-08,0
Yellow,中原,2024-05-08,0
Yellow,板新,2024-05-08,0
Yellow,新埔民生,2024-05-08,310
Yellow,幸福,2024-05-08,1146
Yellow,新北產業園區,2024-05-08,1034
Yellow,大坪林,2024-05-09,12046
Yellow,頭前庄,2024-05-09,2469
Yellow,十四張,2024-05-09,1947
Yellow,秀朗橋,2024-05-09,1141
Yellow,景平,2024-05-09,1582
Yellow,中和,2024-05-09,2497
Yellow,橋和,2024-05-09,0
Yellow,中原,2024-05-09,0
Yellow,板新,2024-05-09,0
Yellow,新埔民生,2024-05-09,355
Yellow,幸福,2024-05-09,1160
Yellow,新北產業園區,2024-05-09,1026
Yellow,大坪林,2024-05-10,12875
Yellow,頭前庄,2024-05-10,2554
Yellow,十四張,2024-05-10,1930
Yellow,秀朗橋,2024-05-10,1175
Yellow,景平,2024-05-10,1747
Yellow,中和,2024-05-10,2639
Yellow,橋和,2024-05-10,0
Yellow,中原,2024-05-10,0
Yellow,板新,2024-05-10,0
Yellow,新埔民生,2024-05-10,378
Yellow,幸福,2024-05-10,1211
Yellow,新北產業園區,2024-05-10,1127
Yellow,大坪林,2024-05-11,7560
Yellow,頭前庄,2024-05-11,1775
Yellow,十四張,2024-05-11,1457
Yellow,秀朗橋,2024-05-11,994
Yellow,景平,2024-05-11,1176
Yellow,中和,2024-05-11,1790
Yellow,橋和,2024-05-11,0
Yellow,中原,2024-05-11,0
Yellow,板新,2024-05-11,0
Yellow,新埔民生,2024-05-11,332
Yellow,幸福,2024-05-11,891
Yellow,新北產業園區,2024-05-11,633
Yellow,大坪林,2024-05-12,6517
Yellow,頭前庄,2024-05-12,1304
Yellow,十四張,2024-05-12,1066
Yellow,秀朗橋,2024-05-12,816
Yellow,景平,2024-05-12,1191
Yellow,中和,2024-05-12,1393
Yellow,橋和,2024-05-12,0
Yellow,中原,2024-05-12,0
Yellow,板新,2024-05-12,0
Yellow,新埔民生,2024-05-12,256
Yellow,幸福,2024-05-12,634
Yellow,新北產業園區,2024-05-12,607
Yellow,大坪林,2024-05-13,11594
Yellow,頭前庄,2024-05-13,2352
Yellow,十四張,2024-05-13,1936
Yellow,秀朗橋,2024-05-13,1122
Yellow,景平,2024-05-13,1508
Yellow,中和,2024-05-13,2358
Yellow,橋和,2024-05-13,0
Yellow,中原,2024-05-13,0
Yellow,板新,2024-05-13,0
Yellow,新埔民生,2024-05-13,336
Yellow,幸福,2024-05-13,1150
Yellow,新北產業園區,2024-05-13,1028
Yellow,大坪林,2024-05-14,12036
Yellow,頭前庄,2024-05-14,2502
Yellow,十四張,2024-05-14,1981
Yellow,秀朗橋,2024-05-14,1129
Yellow,景平,2024-05-14,1596
Yellow,中和,2024-05-14,2403
Yellow,橋和,2024-05-14,0
Yellow,中原,2024-05-14,0
Yellow,板新,2024-05-14,0
Yellow,新埔民生,2024-05-14,347
Yellow,幸福,2024-05-14,1129
Yellow,新北產業園區,2024-05-14,1028
Yellow,大坪林,2024-05-15,12175
Yellow,頭前庄,2024-05-15,2490
Yellow,十四張,2024-05-15,2060
Yellow,秀朗橋,2024-05-15,1086
Yellow,景平,2024-05-15,1613
Yellow,中和,2024-05-15,2521
Yellow,橋和,2024-05-15,0
Yellow,中原,2024-05-15,0
Yellow,板新,2024-05-15,0
Yellow,新埔民生,2024-05-15,365
Yellow,幸福,2024-05-15,1125
Yellow,新北產業園區,2024-05-15,1051
Yellow,大坪林,2024-05-16,12010
Yellow,頭前庄,2024-05-16,2483
Yellow,十四張,2024-05-16,1960
Yellow,秀朗橋,2024-05-16,1083
Yellow,景平,2024-05-16,1590
Yellow,中和,2024-05-16,2427
Yellow,橋和,2024-05-16,0
Yellow,中原,2024-05-16,0
Yellow,板新,2024-05-16,0
Yellow,新埔民生,2024-05-16,362
Yellow,幸福,2024-05-16,1119
Yellow,新北產業園區,2024-05-16,1000
Yellow,大坪林,2024-05-17,12549
Yellow,頭前庄,2024-05-17,2687
Yellow,十四張,2024-05-17,2022
Yellow,秀朗橋,2024-05-17,1221
Yellow,景平,2024-05-17,1667
Yellow,中和,2024-05-17,2537
Yellow,橋和,2024-05-17,0
Yellow,中原,2024-05-17,0
Yellow,板新,2024-05-17,0
Yellow,新埔民生,2024-05-17,393
Yellow,幸福,2024-05-17,1204
Yellow,新北產業園區,2024-05-17,1103
Yellow,大坪林,2024-05-18,8529
Yellow,頭前庄,2024-05-18,1891
Yellow,十四張,2024-05-18,1632
Yellow,秀朗橋,2024-05-18,1065
Yellow,景平,2024-05-18,1323
Yellow,中和,2024-05-18,1953
Yellow,橋和,2024-05-18,0
Yellow,中原,2024-05-18,0
Yellow,板新,2024-05-18,0
Yellow,新埔民生,2024-05-18,377
Yellow,幸福,2024-05-18,961
Yellow,新北產業園區,2024-05-18,883
Yellow,大坪林,2024-05-19,7021
Yellow,頭前庄,2024-05-19,1547
Yellow,十四張,2024-05-19,1322
Yellow,秀朗橋,2024-05-19,903
Yellow,景平,2024-05-19,1135
Yellow,中和,2024-05-19,1643
Yellow,橋和,2024-05-19,0
Yellow,中原,2024-05-19,0
Yellow,板新,2024-05-19,0
Yellow,新埔民生,2024-05-19,259
Yellow,幸福,2024-05-19,795
Yellow,新北產業園區,2024-05-19,639
Yellow,大坪林,2024-05-20,11783
Yellow,頭前庄,2024-05-20,2428
Yellow,十四張,2024-05-20,1832
Yellow,秀朗橋,2024-05-20,1105
Yellow,景平,2024-05-20,1507
Yellow,中和,2024-05-20,2460
Yellow,橋和,2024-05-20,0
Yellow,中原,2024-05-20,0
Yellow,板新,2024-05-20,0
Yellow,新埔民生,2024-05-20,358
Yellow,幸福,2024-05-20,1108
Yellow,新北產業園區,2024-05-20,1009
Yellow,大坪林,2024-05-21,12239
Yellow,頭前庄,2024-05-21,2500
Yellow,十四張,2024-05-21,1915
Yellow,秀朗橋,2024-05-21,1064
Yellow,景平,2024-05-21,1609
Yellow,中和,2024-05-21,2442
Yellow,橋和,2024-05-21,0
Yellow,中原,2024-05-21,0
Yellow,板新,2024-05-21,0
Yellow,新埔民生,2024-05-21,346
Yellow,幸福,2024-05-21,1090
Yellow,新北產業園區,2024-05-21,1087
Yellow,大坪林,2024-05-22,11922
Yellow,頭前庄,2024-05-22,2476
Yellow,十四張,2024-05-22,1967
Yellow,秀朗橋,2024-05-22,1129
Yellow,景平,2024-05-22,1599
Yellow,中和,2024-05-22,2591
Yellow,橋和,2024-05-22,0
Yellow,中原,2024-05-22,0
Yellow,板新,2024-05-22,0
Yellow,新埔民生,2024-05-22,375
Yellow,幸福,2024-05-22,1206
Yellow,新北產業園區,2024-05-22,1053
Yellow,大坪林,2024-05-23,11960
Yellow,頭前庄,2024-05-23,2521
Yellow,十四張,2024-05-23,1976
Yellow,秀朗橋,2024-05-23,1145
Yellow,景平,2024-05-23,1620
Yellow,中和,2024-05-23,2459
Yellow,橋和,2024-05-23,0
Yellow,中原,2024-05-23,0
Yellow,板新,2024-05-23,0
Yellow,新埔民生,2024-05-23,331
Yellow,幸福,2024-05-23,1079
Yellow,新北產業園區,2024-05-23,1057
Yellow,大坪林,2024-05-24,13377
Yellow,頭前庄,2024-05-24,2669
Yellow,十四張,2024-05-24,1924
Yellow,秀朗橋,2024-05-24,1333
Yellow,景平,2024-05-24,1895
Yellow,中和,2024-05-24,2758
Yellow,橋和,2024-05-24,0
Yellow,中原,2024-05-24,0
Yellow,板新,2024-05-24,0
Yellow,新埔民生,2024-05-24,328
Yellow,幸福,2024-05-24,1271
Yellow,新北產業園區,2024-05-24,1086
Yellow,大坪林,2024-05-25,8700
Yellow,頭前庄,2024-05-25,1900
Yellow,十四張,2024-05-25,1400
Yellow,秀朗橋,2024-05-25,1132
Yellow,景平,2024-05-25,1327
Yellow,中和,2024-05-25,1868
Yellow,橋和,2024-05-25,0
Yellow,中原,2024-05-25,0
Yellow,板新,2024-05-25,0
Yellow,新埔民生,2024-05-25,370
Yellow,幸福,2024-05-25,933
Yellow,新北產業園區,2024-05-25,604
Yellow,大坪林,2024-05-26,7168
Yellow,頭前庄,2024-05-26,1514
Yellow,十四張,2024-05-26,1159
Yellow,秀朗橋,2024-05-26,911
Yellow,景平,2024-05-26,1092
Yellow,中和,2024-05-26,1417
Yellow,橋和,2024-05-26,0
Yellow,中原,2024-05-26,0
Yellow,板新,2024-05-26,0
Yellow,新埔民生,2024-05-26,299
Yellow,幸福,2024-05-26,736
Yellow,新北產業園區,2024-05-26,560
Yellow,大坪林,2024-05-27,11538
Yellow,頭前庄,2024-05-27,2409
Yellow,十四張,2024-05-27,1870
Yellow,秀朗橋,2024-05-27,1111
Yellow,景平,2024-05-27,1558
Yellow,中和,2024-05-27,2398
Yellow,橋和,2024-05-27,0
Yellow,中原,2024-05-27,0
Yellow,板新,2024-05-27,0
Yellow,新埔民生,2024-05-27,338
Yellow,幸福,2024-05-27,1041
Yellow,新北產業園區,2024-05-27,1000
Yellow,大坪林,2024-05-28,12107
Yellow,頭前庄,2024-05-28,2497
Yellow,十四張,2024-05-28,2076
Yellow,秀朗橋,2024-05-28,1355
Yellow,景平,2024-05-28,1768
Yellow,中和,2024-05-28,2648
Yellow,橋和,2024-05-28,0
Yellow,中原,2024-05-28,0
Yellow,板新,2024-05-28,0
Yellow,新埔民生,2024-05-28,347
Yellow,幸福,2024-05-28,1198
Yellow,新北產業園區,2024-05-28,1040
Yellow,大坪林,2024-05-29,11890
Yellow,頭前庄,2024-05-29,2499
Yellow,十四張,2024-05-29,1993
Yellow,秀朗橋,2024-05-29,1162
Yellow,景平,2024-05-29,1632
Yellow,中和,2024-05-29,2608
Yellow,橋和,2024-05-29,0
Yellow,中原,2024-05-29,0
Yellow,板新,2024-05-29,0
Yellow,新埔民生,2024-05-29,320
Yellow,幸福,2024-05-29,1131
Yellow,新北產業園區,2024-05-29,1075
Yellow,大坪林,2024-05-30,11898
Yellow,頭前庄,2024-05-30,2496
Yellow,十四張,2024-05-30,1987
Yellow,秀朗橋,2024-05-30,1125
Yellow,景平,2024-05-30,1559
Yellow,中和,2024-05-30,2509
Yellow,橋和,2024-05-30,0
Yellow,中原,2024-05-30,0
Yellow,板新,2024-05-30,0
Yellow,新埔民生,2024-05-30,378
Yellow,幸福,2024-05-30,1090
Yellow,新北產業園區,2024-05-30,1000
Yellow,大坪林,2024-05-31,12468
Yellow,頭前庄,2024-05-31,2707
Yellow,十四張,2024-05-31,1907
Yellow,秀朗橋,2024-05-31,1158
Yellow,景平,2024-05-31,1682
Yellow,中和,2024-05-31,2560
Yellow,橋和,2024-05-31,0
Yellow,中原,2024-05-31,0
Yellow,板新,2024-05-31,0
Yellow,新埔民生,2024-05-31,366
Yellow,幸福,2024-05-31,1156
Yellow,新北產業園區,2024-05-31,1088
Yellow,大坪林,2024-06-01,7791
Yellow,頭前庄,2024-06-01,1850
Yellow,十四張,2024-06-01,1492
Yellow,秀朗橋,2024-06-01,1025
Yellow,景平,2024-06-01,1275
Yellow,中和,2024-06-01,1938
Yellow,橋和,2024-06-01,0
Yellow,中原,2024-06-01,0
Yellow,板新,2024-06-01,0
Yellow,新埔民生,2024-06-01,387
Yellow,幸福,2024-06-01,892
Yellow,新北產業園區,2024-06-01,703
Yellow,大坪林,2024-06-02,6115
Yellow,頭前庄,2024-06-02,1341
Yellow,十四張,2024-06-02,1019
Yellow,秀朗橋,2024-06-02,868
Yellow,景平,2024-06-02,1151
Yellow,中和,2024-06-02,1501
Yellow,橋和,2024-06-02,0
Yellow,中原,2024-06-02,0
Yellow,板新,2024-06-02,0
Yellow,新埔民生,2024-06-02,271
Yellow,幸福,2024-06-02,707
Yellow,新北產業園區,2024-06-02,546
Yellow,大坪林,2024-06-03,11499
Yellow,頭前庄,2024-06-03,2454
Yellow,十四張,2024-06-03,1891
Yellow,秀朗橋,2024-06-03,1128
Yellow,景平,2024-06-03,1561
Yellow,中和,2024-06-03,2511
Yellow,橋和,2024-06-03,0
Yellow,中原,2024-06-03,0
Yellow,板新,2024-06-03,0
Yellow,新埔民生,2024-06-03,395
Yellow,幸福,2024-06-03,1181
Yellow,新北產業園區,2024-06-03,1046
Yellow,大坪林,2024-06-04,11702
Yellow,頭前庄,2024-06-04,2491
Yellow,十四張,2024-06-04,1901
Yellow,秀朗橋,2024-06-04,1126
Yellow,景平,2024-06-04,1709
Yellow,中和,2024-06-04,2495
Yellow,橋和,2024-06-04,0
Yellow,中原,2024-06-04,0
Yellow,板新,2024-06-04,0
Yellow,新埔民生,2024-06-04,388
Yellow,幸福,2024-06-04,1164
Yellow,新北產業園區,2024-06-04,1062
Yellow,大坪林,2024-06-05,12141
Yellow,頭前庄,2024-06-05,2583
Yellow,十四張,2024-06-05,1973
Yellow,秀朗橋,2024-06-05,1132
Yellow,景平,2024-06-05,1692
Yellow,中和,2024-06-05,2552
Yellow,橋和,2024-06-05,0
Yellow,中原,2024-06-05,0
Yellow,板新,2024-06-05,0
Yellow,新埔民生,2024-06-05,386
Yellow,幸福,2024-06-05,1262
Yellow,新北產業園區,2024-06-05,1192
Yellow,大坪林,2024-06-06,12382
Yellow,頭前庄,2024-06-06,2640
Yellow,十四張,2024-06-06,1988
Yellow,秀朗橋,2024-06-06,1184
Yellow,景平,2024-06-06,1747
Yellow,中和,2024-06-06,2677
Yellow,橋和,2024-06-06,0
Yellow,中原,2024-06-06,0
Yellow,板新,2024-06-06,0
Yellow,新埔民生,2024-06-06,382
Yellow,幸福,2024-06-06,1325
Yellow,新北產業園區,2024-06-06,1171
Yellow,大坪林,2024-06-07,12691
Yellow,頭前庄,2024-06-07,2561
Yellow,十四張,2024-06-07,1907
Yellow,秀朗橋,2024-06-07,1195
Yellow,景平,2024-06-07,1688
Yellow,中和,2024-06-07,2645
Yellow,橋和,2024-06-07,0
Yellow,中原,2024-06-07,0
Yellow,板新,2024-06-07,0
Yellow,新埔民生,2024-06-07,379
Yellow,幸福,2024-06-07,1372
Yellow,新北產業園區,2024-06-07,1148
Yellow,大坪林,2024-06-08,7795
Yellow,頭前庄,2024-06-08,1655
Yellow,十四張,2024-06-08,1453
Yellow,秀朗橋,2024-06-08,982
Yellow,景平,2024-06-08,1275
Yellow,中和,2024-06-08,1773
Yellow,橋和,2024-06-08,0
Yellow,中原,2024-06-08,0
Yellow,板新,2024-06-08,0
Yellow,新埔民生,2024-06-08,296
Yellow,幸福,2024-06-08,854
Yellow,新北產業園區,2024-06-08,657
Yellow,大坪林,2024-06-09,6372
Yellow,頭前庄,2024-06-09,1441
Yellow,十四張,2024-06-09,1127
Yellow,秀朗橋,2024-06-09,855
Yellow,景平,2024-06-09,1091
Yellow,中和,2024-06-09,1576
Yellow,橋和,2024-06-09,0
Yellow,中原,2024-06-09,0
Yellow,板新,2024-06-09,0
Yellow,新埔民生,2024-06-09,235
Yellow,幸福,2024-06-09,774
Yellow,新北產業園區,2024-06-09,613
Yellow,大坪林,2024-06-10,5489
Yellow,頭前庄,2024-06-10,1085
Yellow,十四張,2024-06-10,1045
Yellow,秀朗橋,2024-06-10,745
Yellow,景平,2024-06-10,917
Yellow,中和,2024-06-10,1254
Yellow,橋和,2024-06-10,0
Yellow,中原,2024-06-10,0
Yellow,板新,2024-06-10,0
Yellow,新埔民生,2024-06-10,176
Yellow,幸福,2024-06-10,568
Yellow,新北產業園區,2024-06-10,491
Yellow,大坪林,2024-06-11,11637
Yellow,頭前庄,2024-06-11,2387
Yellow,十四張,2024-06-11,1864
Yellow,秀朗橋,2024-06-11,1059
Yellow,景平,2024-06-11,1560
Yellow,中和,2024-06-11,2425
Yellow,橋和,2024-06-11,0
Yellow,中原,2024-06-11,0
Yellow,板新,2024-06-11,0
Yellow,新埔民生,2024-06-11,369
Yellow,幸福,2024-06-11,1232
Yellow,新北產業園區,2024-06-11,1082
Yellow,大坪林,2024-06-12,11897
Yellow,頭前庄,2024-06-12,2471
Yellow,十四張,2024-06-12,2047
Yellow,秀朗橋,2024-06-12,1136
Yellow,景平,2024-06-12,1620
Yellow,中和,2024-06-12,2583
Yellow,橋和,2024-06-12,0
Yellow,中原,2024-06-12,0
Yellow,板新,2024-06-12,0
Yellow,新埔民生,2024-06-12,348
Yellow,幸福,2024-06-12,1262
Yellow,新北產業園區,2024-06-12,1081
Yellow,大坪林,2024-06-13,11943
Yellow,頭前庄,2024-06-13,2469
Yellow,十四張,2024-06-13,2014
Yellow,秀朗橋,2024-06-13,1168
Yellow,景平,2024-06-13,1586
Yellow,中和,2024-06-13,2504
Yellow,橋和,2024-06-13,0
Yellow,中原,2024-06-13,0
Yellow,板新,2024-06-13,0
Yellow,新埔民生,2024-06-13,369
Yellow,幸福,2024-06-13,1239
Yellow,新北產業園區,2024-06-13,1073
Yellow,大坪林,2024-06-14,12458
Yellow,頭前庄,2024-06-14,2535
Yellow,十四張,2024-06-14,1887
Yellow,秀朗橋,2024-06-14,1159
Yellow,景平,2024-06-14,1760
Yellow,中和,2024-06-14,2571
Yellow,橋和,2024-06-14,0
Yellow,中原,2024-06-14,0
Yellow,板新,2024-06-14,0
Yellow,新埔民生,2024-06-14,413
Yellow,幸福,2024-06-14,1257
Yellow,新北產業園區,2024-06-14,1129
Yellow,大坪林,2024-06-15,8478
Yellow,頭前庄,2024-06-15,1862
Yellow,十四張,2024-06-15,1359
Yellow,秀朗橋,2024-06-15,973
Yellow,景平,2024-06-15,1220
Yellow,中和,2024-06-15,1746
Yellow,橋和,2024-06-15,0
Yellow,中原,2024-06-15,0
Yellow,板新,2024-06-15,0
Yellow,新埔民生,2024-06-15,405
Yellow,幸福,2024-06-15,961
Yellow,新北產業園區,2024-06-15,874
Yellow,大坪林,2024-06-16,6921
Yellow,頭前庄,2024-06-16,1382
Yellow,十四張,2024-06-16,1154
Yellow,秀朗橋,2024-06-16,762
Yellow,景平,2024-06-16,1112
Yellow,中和,2024-06-16,1436
Yellow,橋和,2024-06-16,0
Yellow,中原,2024-06-16,0
Yellow,板新,2024-06-16,0
Yellow,新埔民生,2024-06-16,272
Yellow,幸福,2024-06-16,753
Yellow,新北產業園區,2024-06-16,666
Yellow,大坪林,2024-06-17,11739
Yellow,頭前庄,2024-06-17,2360
Yellow,十四張,2024-06-17,1943
Yellow,秀朗橋,2024-06-17,1094
Yellow,景平,2024-06-17,1633
Yellow,中和,2024-06-17,2444
Yellow,橋和,2024-06-17,0
Yellow,中原,2024-06-17,0
Yellow,板新,2024-06-17,0
Yellow,新埔民生,2024-06-17,361
Yellow,幸福,2024-06-17,1207
Yellow,新北產業園區,2024-06-17,1115
Yellow,大坪林,2024-06-18,11644
Yellow,頭前庄,2024-06-18,2371
Yellow,十四張,2024-06-18,1861
Yellow,秀朗橋,2024-06-18,1099
Yellow,景平,2024-06-18,1661
Yellow,中和,2024-06-18,2363
Yellow,橋和,2024-06-18,0
Yellow,中原,2024-06-18,0
Yellow,板新,2024-06-18,0
Yellow,新埔民生,2024-06-18,344
Yellow,幸福,2024-06-18,1238
Yellow,新北產業園區,2024-06-18,1056
Yellow,大坪林,2024-06-19,12024
Yellow,頭前庄,2024-06-19,2426
Yellow,十四張,2024-06-19,1925
Yellow,秀朗橋,2024-06-19,1048
Yellow,景平,2024-06-19,1605
Yellow,中和,2024-06-19,2517
Yellow,橋和,2024-06-19,0
Yellow,中原,2024-06-19,0
Yellow,板新,2024-06-19,0
Yellow,新埔民生,2024-06-19,304
Yellow,幸福,2024-06-19,1245
Yellow,新北產業園區,2024-06-19,1010
Yellow,大坪林,2024-06-20,11931
Yellow,頭前庄,2024-06-20,2423
Yellow,十四張,2024-06-20,1841
Yellow,秀朗橋,2024-06-20,1118
Yellow,景平,2024-06-20,1592
Yellow,中和,2024-06-20,2461
Yellow,橋和,2024-06-20,0
Yellow,中原,2024-06-20,0
Yellow,板新,2024-06-20,0
Yellow,新埔民生,2024-06-20,303
Yellow,幸福,2024-06-20,1221
Yellow,新北產業園區,2024-06-20,1077
Yellow,大坪林,2024-06-21,12385
Yellow,頭前庄,2024-06-21,2506
Yellow,十四張,2024-06-21,1845
Yellow,秀朗橋,2024-06-21,1115
Yellow,景平,2024-06-21,1667
Yellow,中和,2024-06-21,2532
Yellow,橋和,2024-06-21,0
Yellow,中原,2024-06-21,0
Yellow,板新,2024-06-21,0
Yellow,新埔民生,2024-06-21,363
Yellow,幸福,2024-06-21,1333
Yellow,新北產業園區,2024-06-21,1145
Yellow,大坪林,2024-06-22,8004
Yellow,頭前庄,2024-06-22,1865
Yellow,十四張,2024-06-22,1453
Yellow,秀朗橋,2024-06-22,1080
Yellow,景平,2024-06-22,1255
Yellow,中和,2024-06-22,1680
Yellow,橋和,2024-06-22,0
Yellow,中原,2024-06-22,0
Yellow,板新,2024-06-22,0
Yellow,新埔民生,2024-06-22,370
Yellow,幸福,2024-06-22,968
Yellow,新北產業園區,2024-06-22,801
Yellow,大坪林,2024-06-23,6274
Yellow,頭前庄,2024-06-23,1429
Yellow,十四張,2024-06-23,1060
Yellow,秀朗橋,2024-06-23,790
Yellow,景平,2024-06-23,1102
Yellow,中和,2024-06-23,1365
Yellow,橋和,2024-06-23,0
Yellow,中原,2024-06-23,0
Yellow,板新,2024-06-23,0
Yellow,新埔民生,2024-06-23,232
Yellow,幸福,2024-06-23,727
Yellow,新北產業園區,2024-06-23,620
Yellow,大坪林,2024-06-24,11244
Yellow,頭前庄,2024-06-24,2332
Yellow,十四張,2024-06-24,1744
Yellow,秀朗橋,2024-06-24,1057
Yellow,景平,2024-06-24,1532
Yellow,中和,2024-06-24,2432
Yellow,橋和,2024-06-24,0
Yellow,中原,2024-06-24,0
Yellow,板新,2024-06-24,0
Yellow,新埔民生,2024-06-24,280
Yellow,幸福,2024-06-24,1213
Yellow,新北產業園區,2024-06-24,1095
Yellow,大坪林,2024-06-25,11556
Yellow,頭前庄,2024-06-25,2373
Yellow,十四張,2024-06-25,1705
Yellow,秀朗橋,2024-06-25,1092
Yellow,景平,2024-06-25,1619
Yellow,中和,2024-06-25,2435
Yellow,橋和,2024-06-25,0
Yellow,中原,2024-06-25,0
Yellow,板新,2024-06-25,0
Yellow,新埔民生,2024-06-25,275
Yellow,幸福,2024-06-25,1245
Yellow,新北產業園區,2024-06-25,1111
Yellow,大坪林,2024-06-26,11543
Yellow,頭前庄,2024-06-26,2326
Yellow,十四張,2024-06-26,1713
Yellow,秀朗橋,2024-06-26,1118
Yellow,景平,2024-06-26,1595
Yellow,中和,2024-06-26,2465
Yellow,橋和,2024-06-26,0
Yellow,中原,2024-06-26,0
Yellow,板新,2024-06-26,0
Yellow,新埔民生,2024-06-26,325
Yellow,幸福,2024-06-26,1274
Yellow,新北產業園區,2024-06-26,1043
Yellow,大坪林,2024-06-27,11692
Yellow,頭前庄,2024-06-27,2426
Yellow,十四張,2024-06-27,1728
Yellow,秀朗橋,2024-06-27,1136
Yellow,景平,2024-06-27,1615
Yellow,中和,2024-06-27,2511
Yellow,橋和,2024-06-27,0
Yellow,中原,2024-06-27,0
Yellow,板新,2024-06-27,0
Yellow,新埔民生,2024-06-27,321
Yellow,幸福,2024-06-27,1238
Yellow,新北產業園區,2024-06-27,1060
Yellow,大坪林,2024-06-28,12294
Yellow,頭前庄,2024-06-28,2494
Yellow,十四張,2024-06-28,1875
Yellow,秀朗橋,2024-06-28,1188
Yellow,景平,2024-06-28,1711
Yellow,中和,2024-06-28,2621
Yellow,橋和,2024-06-28,0
Yellow,中原,2024-06-28,0
Yellow,板新,2024-06-28,0
Yellow,新埔民生,2024-06-28,325
Yellow,幸福,2024-06-28,1404
Yellow,新北產業園區,2024-06-28,1201
Yellow,大坪林,2024-06-29,7658
Yellow,頭前庄,2024-06-29,1886
Yellow,十四張,2024-06-29,1348
Yellow,秀朗橋,2024-06-29,1024
Yellow,景平,2024-06-29,1322
Yellow,中和,2024-06-29,1762
Yellow,橋和,2024-06-29,0
Yellow,中原,2024-06-29,0
Yellow,板新,2024-06-29,0
Yellow,新埔民生,2024-06-29,324
Yellow,幸福,2024-06-29,1014
Yellow,新北產業園區,2024-06-29,822
Yellow,大坪林,2024-06-30,6650
Yellow,頭前庄,2024-06-30,1488
Yellow,十四張,2024-06-30,1021
Yellow,秀朗橋,2024-06-30,877
Yellow,景平,2024-06-30,1131
Yellow,中和,2024-06-30,1397
Yellow,橋和,2024-06-30,0
Yellow,中原,2024-06-30,0
Yellow,板新,2024-06-30,0
Yellow,新埔民生,2024-06-30,247
Yellow,幸福,2024-06-30,747
Yellow,新北產業園區,2024-06-30,623
Yellow,大坪林,2024-07-01,11092
Yellow,頭前庄,2024-07-01,2239
Yellow,十四張,2024-07-01,1581
Yellow,秀朗橋,2024-07-01,1090
Yellow,景平,2024-07-01,1649
Yellow,中和,2024-07-01,2478
Yellow,橋和,2024-07-01,0
Yellow,中原,2024-07-01,0
Yellow,板新,2024-07-01,0
Yellow,新埔民生,2024-07-01,328
Yellow,幸福,2024-07-01,1240
Yellow,新北產業園區,2024-07-01,1115
Yellow,大坪林,2024-07-02,11286
Yellow,頭前庄,2024-07-02,2324
Yellow,十四張,2024-07-02,1610
Yellow,秀朗橋,2024-07-02,1177
Yellow,景平,2024-07-02,1681
Yellow,中和,2024-07-02,2360
Yellow,橋和,2024-07-02,0
Yellow,中原,2024-07-02,0
Yellow,板新,2024-07-02,0
Yellow,新埔民生,2024-07-02,315
Yellow,幸福,2024-07-02,1226
Yellow,新北產業園區,2024-07-02,1086
Yellow,大坪林,2024-07-03,11421
Yellow,頭前庄,2024-07-03,2367
Yellow,十四張,2024-07-03,1707
Yellow,秀朗橋,2024-07-03,1095
Yellow,景平,2024-07-03,1638
Yellow,中和,2024-07-03,2546
Yellow,橋和,2024-07-03,0
Yellow,中原,2024-07-03,0
Yellow,板新,2024-07-03,0
Yellow,新埔民生,2024-07-03,349
Yellow,幸福,2024-07-03,1273
Yellow,新北產業園區,2024-07-03,1052
Yellow,大坪林,2024-07-04,11368
Yellow,頭前庄,2024-07-04,2359
Yellow,十四張,2024-07-04,1706
Yellow,秀朗橋,2024-07-04,1155
Yellow,景平,2024-07-04,1571
Yellow,中和,2024-07-04,2461
Yellow,橋和,2024-07-04,0
Yellow,中原,2024-07-04,0
Yellow,板新,2024-07-04,0
Yellow,新埔民生,2024-07-04,296
Yellow,幸福,2024-07-04,1229
Yellow,新北產業園區,2024-07-04,1083
Yellow,大坪林,2024-07-05,11990
Yellow,頭前庄,2024-07-05,2485
Yellow,十四張,2024-07-05,1788
Yellow,秀朗橋,2024-07-05,1224
Yellow,景平,2024-07-05,1749
Yellow,中和,2024-07-05,2545
Yellow,橋和,2024-07-05,0
Yellow,中原,2024-07-05,0
Yellow,板新,2024-07-05,0
Yellow,新埔民生,2024-07-05,320
Yellow,幸福,2024-07-05,1335
Yellow,新北產業園區,2024-07-05,1245
Yellow,大坪林,2024-07-06,7648
Yellow,頭前庄,2024-07-06,1761
Yellow,十四張,2024-07-06,1301
Yellow,秀朗橋,2024-07-06,1048
Yellow,景平,2024-07-06,1268
Yellow,中和,2024-07-06,1730
Yellow,橋和,2024-07-06,0
Yellow,中原,2024-07-06,0
Yellow,板新,2024-07-06,0
Yellow,新埔民生,2024-07-06,361
Yellow,幸福,2024-07-06,1027
Yellow,新北產業園區,2024-07-06,919
Yellow,大坪林,2024-07-07,7033
Yellow,頭前庄,2024-07-07,1495
Yellow,十四張,2024-07-07,1054
Yellow,秀朗橋,2024-07-07,826
Yellow,景平,2024-07-07,1197
Yellow,中和,2024-07-07,1477
Yellow,橋和,2024-07-07,0
Yellow,中原,2024-07-07,0
Yellow,板新,2024-07-07,0
Yellow,新埔民生,2024-07-07,294
Yellow,幸福,2024-07-07,717
Yellow,新北產業園區,2024-07-07,614
Yellow,大坪林,2024-07-08,11286
Yellow,頭前庄,2024-07-08,2314
Yellow,十四張,2024-07-08,1629
Yellow,秀朗橋,2024-07-08,1107
Yellow,景平,2024-07-08,1573
Yellow,中和,2024-07-08,2493
Yellow,橋和,2024-07-08,0
Yellow,中原,2024-07-08,0
Yellow,板新,2024-07-08,0
Yellow,新埔民生,2024-07-08,307
Yellow,幸福,2024-07-08,1226
Yellow,新北產業園區,2024-07-08,1051
Yellow,大坪林,2024-07-09,11754
Yellow,頭前庄,2024-07-09,2356
Yellow,十四張,2024-07-09,1756
Yellow,秀朗橋,2024-07-09,1141
Yellow,景平,2024-07-09,1723
Yellow,中和,2024-07-09,2559
Yellow,橋和,2024-07-09,0
Yellow,中原,2024-07-09,0
Yellow,板新,2024-07-09,0
Yellow,新埔民生,2024-07-09,339
Yellow,幸福,2024-07-09,1204
Yellow,新北產業園區,2024-07-09,1103
Yellow,大坪林,2024-07-10,11613
Yellow,頭前庄,2024-07-10,2352
Yellow,十四張,2024-07-10,1814
Yellow,秀朗橋,2024-07-10,1138
Yellow,景平,2024-07-10,1766
Yellow,中和,2024-07-10,2529
Yellow,橋和,2024-07-10,0
Yellow,中原,2024-07-10,0
Yellow,板新,2024-07-10,0
Yellow,新埔民生,2024-07-10,318
Yellow,幸福,2024-07-10,1203
Yellow,新北產業園區,2024-07-10,1059
Yellow,大坪林,2024-07-11,11724
Yellow,頭前庄,2024-07-11,2354
Yellow,十四張,2024-07-11,1804
Yellow,秀朗橋,2024-07-11,1217
Yellow,景平,2024-07-11,1714
Yellow,中和,2024-07-11,2574
Yellow,橋和,2024-07-11,0
Yellow,中原,2024-07-11,0
Yellow,板新,2024-07-11,0
Yellow,新埔民生,2024-07-11,311
Yellow,幸福,2024-07-11,1325
Yellow,新北產業園區,2024-07-11,1105
Yellow,大坪林,2024-07-12,12240
Yellow,頭前庄,2024-07-12,2417
Yellow,十四張,2024-07-12,1868
Yellow,秀朗橋,2024-07-12,1161
Yellow,景平,2024-07-12,1934
Yellow,中和,2024-07-12,2570
Yellow,橋和,2024-07-12,0
Yellow,中原,2024-07-12,0
Yellow,板新,2024-07-12,0
Yellow,新埔民生,2024-07-12,300
Yellow,幸福,2024-07-12,1289
Yellow,新北產業園區,2024-07-12,1259
Yellow,大坪林,2024-07-13,7677
Yellow,頭前庄,2024-07-13,1688
Yellow,十四張,2024-07-13,1379
Yellow,秀朗橋,2024-07-13,1073
Yellow,景平,2024-07-13,1336
Yellow,中和,2024-07-13,1907
Yellow,橋和,2024-07-13,0
Yellow,中原,2024-07-13,0
Yellow,板新,2024-07-13,0
Yellow,新埔民生,2024-07-13,373
Yellow,幸福,2024-07-13,937
Yellow,新北產業園區,2024-07-13,801
Yellow,大坪林,2024-07-14,6792
Yellow,頭前庄,2024-07-14,1482
Yellow,十四張,2024-07-14,1103
Yellow,秀朗橋,2024-07-14,931
Yellow,景平,2024-07-14,1204
Yellow,中和,2024-07-14,1560
Yellow,橋和,2024-07-14,0
Yellow,中原,2024-07-14,0
Yellow,板新,2024-07-14,0
Yellow,新埔民生,2024-07-14,273
Yellow,幸福,2024-07-14,814
Yellow,新北產業園區,2024-07-14,642
Yellow,大坪林,2024-07-15,11376
Yellow,頭前庄,2024-07-15,2285
Yellow,十四張,2024-07-15,1600
Yellow,秀朗橋,2024-07-15,1089
Yellow,景平,2024-07-15,1529
Yellow,中和,2024-07-15,2402
Yellow,橋和,2024-07-15,0
Yellow,中原,2024-07-15,0
Yellow,板新,2024-07-15,0
Yellow,新埔民生,2024-07-15,301
Yellow,幸福,2024-07-15,1247
Yellow,新北產業園區,2024-07-15,1098
Yellow,大坪林,2024-07-16,11632
Yellow,頭前庄,2024-07-16,2363
Yellow,十四張,2024-07-16,1720
Yellow,秀朗橋,2024-07-16,1162
Yellow,景平,2024-07-16,1670
Yellow,中和,2024-07-16,2513
Yellow,橋和,2024-07-16,0
Yellow,中原,2024-07-16,0
Yellow,板新,2024-07-16,0
Yellow,新埔民生,2024-07-16,345
Yellow,幸福,2024-07-16,1237
Yellow,新北產業園區,2024-07-16,1158
Yellow,大坪林,2024-07-17,11805
Yellow,頭前庄,2024-07-17,2334
Yellow,十四張,2024-07-17,1784
Yellow,秀朗橋,2024-07-17,1158
Yellow,景平,2024-07-17,1653
Yellow,中和,2024-07-17,2575
Yellow,橋和,2024-07-17,0
Yellow,中原,2024-07-17,0
Yellow,板新,2024-07-17,0
Yellow,新埔民生,2024-07-17,303
Yellow,幸福,2024-07-17,1297
Yellow,新北產業園區,2024-07-17,1061
Yellow,大坪林,2024-07-18,11737
Yellow,頭前庄,2024-07-18,2340
Yellow,十四張,2024-07-18,1717
Yellow,秀朗橋,2024-07-18,1188
Yellow,景平,2024-07-18,1634
Yellow,中和,2024-07-18,2523
Yellow,橋和,2024-07-18,0
Yellow,中原,2024-07-18,0
Yellow,板新,2024-07-18,0
Yellow,新埔民生,2024-07-18,304
Yellow,幸福,2024-07-18,1328
Yellow,新北產業園區,2024-07-18,1160
Yellow,大坪林,2024-07-19,12390
Yellow,頭前庄,2024-07-19,2485
Yellow,十四張,2024-07-19,1938
Yellow,秀朗橋,2024-07-19,1214
Yellow,景平,2024-07-19,1732
Yellow,中和,2024-07-19,2605
Yellow,橋和,2024-07-19,0
Yellow,中原,2024-07-19,0
Yellow,板新,2024-07-19,0
Yellow,新埔民生,2024-07-19,351
Yellow,幸福,2024-07-19,1354
Yellow,新北產業園區,2024-07-19,1176
Yellow,大坪林,2024-07-20,8050
Yellow,頭前庄,2024-07-20,1768
Yellow,十四張,2024-07-20,1451
Yellow,秀朗橋,2024-07-20,1083
Yellow,景平,2024-07-20,1319
Yellow,中和,2024-07-20,1783
Yellow,橋和,2024-07-20,0
Yellow,中原,2024-07-20,0
Yellow,板新,2024-07-20,0
Yellow,新埔民生,2024-07-20,305
Yellow,幸福,2024-07-20,935
Yellow,新北產業園區,2024-07-20,823
Yellow,大坪林,2024-07-21,6536
Yellow,頭前庄,2024-07-21,1386
Yellow,十四張,2024-07-21,1139
Yellow,秀朗橋,2024-07-21,806
Yellow,景平,2024-07-21,1082
Yellow,中和,2024-07-21,1469
Yellow,橋和,2024-07-21,0
Yellow,中原,2024-07-21,0
Yellow,板新,2024-07-21,0
Yellow,新埔民生,2024-07-21,270
Yellow,幸福,2024-07-21,767
Yellow,新北產業園區,2024-07-21,662
Yellow,大坪林,2024-07-22,11398
Yellow,頭前庄,2024-07-22,2210
Yellow,十四張,2024-07-22,1582
Yellow,秀朗橋,2024-07-22,1152
Yellow,景平,2024-07-22,1555
Yellow,中和,2024-07-22,2467
Yellow,橋和,2024-07-22,0
Yellow,中原,2024-07-22,0
Yellow,板新,2024-07-22,0
Yellow,新埔民生,2024-07-22,289
Yellow,幸福,2024-07-22,1213
Yellow,新北產業園區,2024-07-22,1028
Yellow,大坪林,2024-07-23,11543
Yellow,頭前庄,2024-07-23,2251
Yellow,十四張,2024-07-23,1671
Yellow,秀朗橋,2024-07-23,1148
Yellow,景平,2024-07-23,1640
Yellow,中和,2024-07-23,2579
Yellow,橋和,2024-07-23,0
Yellow,中原,2024-07-23,0
Yellow,板新,2024-07-23,0
Yellow,新埔民生,2024-07-23,279
Yellow,幸福,2024-07-23,1248
Yellow,新北產業園區,2024-07-23,1084
Yellow,大坪林,2024-07-24,1272
Yellow,頭前庄,2024-07-24,272
Yellow,十四張,2024-07-24,180
Yellow,秀朗橋,2024-07-24,216
Yellow,景平,2024-07-24,299
Yellow,中和,2024-07-24,369
Yellow,橋和,2024-07-24,0
Yellow,中原,2024-07-24,0
Yellow,板新,2024-07-24,0
Yellow,新埔民生,2024-07-24,59
Yellow,幸福,2024-07-24,171
Yellow,新北產業園區,2024-07-24,165
Yellow,大坪林,2024-07-25,2063
Yellow,頭前庄,2024-07-25,432
Yellow,十四張,2024-07-25,376
Yellow,秀朗橋,2024-07-25,349
Yellow,景平,2024-07-25,485
Yellow,中和,2024-07-25,635
Yellow,橋和,2024-07-25,0
Yellow,中原,2024-07-25,0
Yellow,板新,2024-07-25,0
Yellow,新埔民生,2024-07-25,76
Yellow,幸福,2024-07-25,280
Yellow,新北產業園區,2024-07-25,189
Yellow,大坪林,2024-07-26,12466
Yellow,頭前庄,2024-07-26,2603
Yellow,十四張,2024-07-26,1956
Yellow,秀朗橋,2024-07-26,1353
Yellow,景平,2024-07-26,1853
Yellow,中和,2024-07-26,2896
Yellow,橋和,2024-07-26,0
Yellow,中原,2024-07-26,0
Yellow,板新,2024-07-26,0
Yellow,新埔民生,2024-07-26,324
Yellow,幸福,2024-07-26,1570
Yellow,新北產業園區,2024-07-26,1182
Yellow,大坪林,2024-07-27,8088
Yellow,頭前庄,2024-07-27,1888
Yellow,十四張,2024-07-27,1590
Yellow,秀朗橋,2024-07-27,1082
Yellow,景平,2024-07-27,1275
Yellow,中和,2024-07-27,1821
Yellow,橋和,2024-07-27,0
Yellow,中原,2024-07-27,0
Yellow,板新,2024-07-27,0
Yellow,新埔民生,2024-07-27,311
Yellow,幸福,2024-07-27,1037
Yellow,新北產業園區,2024-07-27,711
Yellow,大坪林,2024-07-28,6757
Yellow,頭前庄,2024-07-28,1617
Yellow,十四張,2024-07-28,1379
Yellow,秀朗橋,2024-07-28,899
Yellow,景平,2024-07-28,1174
Yellow,中和,2024-07-28,1584
Yellow,橋和,2024-07-28,0
Yellow,中原,2024-07-28,0
Yellow,板新,2024-07-28,0
Yellow,新埔民生,2024-07-28,259
Yellow,幸福,2024-07-28,803
Yellow,新北產業園區,2024-07-28,599
Yellow,大坪林,2024-07-29,11798
Yellow,頭前庄,2024-07-29,2447
Yellow,十四張,2024-07-29,1692
Yellow,秀朗橋,2024-07-29,1173
Yellow,景平,2024-07-29,1589
Yellow,中和,2024-07-29,2606
Yellow,橋和,2024-07-29,0
Yellow,中原,2024-07-29,0
Yellow,板新,2024-07-29,0
Yellow,新埔民生,2024-07-29,321
Yellow,幸福,2024-07-29,1315
Yellow,新北產業園區,2024-07-29,1078
Yellow,大坪林,2024-07-30,11590
Yellow,頭前庄,2024-07-30,2356
Yellow,十四張,2024-07-30,1660
Yellow,秀朗橋,2024-07-30,1177
Yellow,景平,2024-07-30,1631
Yellow,中和,2024-07-30,2505
Yellow,橋和,2024-07-30,0
Yellow,中原,2024-07-30,0
Yellow,板新,2024-07-30,0
Yellow,新埔民生,2024-07-30,346
Yellow,幸福,2024-07-30,1266
Yellow,新北產業園區,2024-07-30,1083
Yellow,大坪林,2024-07-31,12006
Yellow,頭前庄,2024-07-31,2384
Yellow,十四張,2024-07-31,1741
Yellow,秀朗橋,2024-07-31,1220
Yellow,景平,2024-07-31,1692
Yellow,中和,2024-07-31,2620
Yellow,橋和,2024-07-31,0
Yellow,中原,2024-07-31,0
Yellow,板新,2024-07-31,0
Yellow,新埔民生,2024-07-31,356
Yellow,幸福,2024-07-31,1308
Yellow,新北產業園區,2024-07-31,1130
Yellow,大坪林,2024-08-01,11791
Yellow,頭前庄,2024-08-01,2361
Yellow,十四張,2024-08-01,1702
Yellow,秀朗橋,2024-08-01,1213
Yellow,景平,2024-08-01,1638
Yellow,中和,2024-08-01,2518
Yellow,橋和,2024-08-01,0
Yellow,中原,2024-08-01,0
Yellow,板新,2024-08-01,0
Yellow,新埔民生,2024-08-01,307
Yellow,幸福,2024-08-01,1304
Yellow,新北產業園區,2024-08-01,1161
Yellow,大坪林,2024-08-02,12134
Yellow,頭前庄,2024-08-02,2533
Yellow,十四張,2024-08-02,1946
Yellow,秀朗橋,2024-08-02,1202
Yellow,景平,2024-08-02,1703
Yellow,中和,2024-08-02,2610
Yellow,橋和,2024-08-02,0
Yellow,中原,2024-08-02,0
Yellow,板新,2024-08-02,0
Yellow,新埔民生,2024-08-02,357
Yellow,幸福,2024-08-02,1326
Yellow,新北產業園區,2024-08-02,1187
Yellow,大坪林,2024-08-03,7836
Yellow,頭前庄,2024-08-03,1785
Yellow,十四張,2024-08-03,1360
Yellow,秀朗橋,2024-08-03,1030
Yellow,景平,2024-08-03,1312
Yellow,中和,2024-08-03,1754
Yellow,橋和,2024-08-03,0
Yellow,中原,2024-08-03,0
Yellow,板新,2024-08-03,0
Yellow,新埔民生,2024-08-03,335
Yellow,幸福,2024-08-03,931
Yellow,新北產業園區,2024-08-03,775
Yellow,大坪林,2024-08-04,6123
Yellow,頭前庄,2024-08-04,1396
Yellow,十四張,2024-08-04,1063
Yellow,秀朗橋,2024-08-04,781
Yellow,景平,2024-08-04,1157
Yellow,中和,2024-08-04,1450
Yellow,橋和,2024-08-04,0
Yellow,中原,2024-08-04,0
Yellow,板新,2024-08-04,0
Yellow,新埔民生,2024-08-04,231
Yellow,幸福,2024-08-04,793
Yellow,新北產業園區,2024-08-04,619
Yellow,大坪林,2024-08-05,11139
Yellow,頭前庄,2024-08-05,2361
Yellow,十四張,2024-08-05,1666
Yellow,秀朗橋,2024-08-05,1130
Yellow,景平,2024-08-05,1586
Yellow,中和,2024-08-05,2557
Yellow,橋和,2024-08-05,0
Yellow,中原,2024-08-05,0
Yellow,板新,2024-08-05,0
Yellow,新埔民生,2024-08-05,285
Yellow,幸福,2024-08-05,1248
Yellow,新北產業園區,2024-08-05,1082
Yellow,大坪林,2024-08-06,11786
Yellow,頭前庄,2024-08-06,2308
Yellow,十四張,2024-08-06,1676
Yellow,秀朗橋,2024-08-06,1148
Yellow,景平,2024-08-06,1636
Yellow,中和,2024-08-06,2539
Yellow,橋和,2024-08-06,0
Yellow,中原,2024-08-06,0
Yellow,板新,2024-08-06,0
Yellow,新埔民生,2024-08-06,328
Yellow,幸福,2024-08-06,1251
Yellow,新北產業園區,2024-08-06,1087
Yellow,大坪林,2024-08-07,11750
Yellow,頭前庄,2024-08-07,2356
Yellow,十四張,2024-08-07,1671
Yellow,秀朗橋,2024-08-07,1190
Yellow,景平,2024-08-07,1703
Yellow,中和,2024-08-07,2569
Yellow,橋和,2024-08-07,0
Yellow,中原,2024-08-07,0
Yellow,板新,2024-08-07,0
Yellow,新埔民生,2024-08-07,308
Yellow,幸福,2024-08-07,1285
Yellow,新北產業園區,2024-08-07,1073
Yellow,大坪林,2024-08-08,11542
Yellow,頭前庄,2024-08-08,2335
Yellow,十四張,2024-08-08,1669
Yellow,秀朗橋,2024-08-08,1182
Yellow,景平,2024-08-08,1615
Yellow,中和,2024-08-08,2422
Yellow,橋和,2024-08-08,0
Yellow,中原,2024-08-08,0
Yellow,板新,2024-08-08,0
Yellow,新埔民生,2024-08-08,297
Yellow,幸福,2024-08-08,1209
Yellow,新北產業園區,2024-08-08,1038
Yellow,大坪林,2024-08-09,12152
Yellow,頭前庄,2024-08-09,2461
Yellow,十四張,2024-08-09,1813
Yellow,秀朗橋,2024-08-09,1259
Yellow,景平,2024-08-09,1731
Yellow,中和,2024-08-09,2577
Yellow,橋和,2024-08-09,0
Yellow,中原,2024-08-09,0
Yellow,板新,2024-08-09,0
Yellow,新埔民生,2024-08-09,342
Yellow,幸福,2024-08-09,1303
Yellow,新北產業園區,2024-08-09,1225
Yellow,大坪林,2024-08-10,7949
Yellow,頭前庄,2024-08-10,1750
Yellow,十四張,2024-08-10,1564
Yellow,秀朗橋,2024-08-10,1163
Yellow,景平,2024-08-10,1398
Yellow,中和,2024-08-10,1953
Yellow,橋和,2024-08-10,0
Yellow,中原,2024-08-10,0
Yellow,板新,2024-08-10,0
Yellow,新埔民生,2024-08-10,485
Yellow,幸福,2024-08-10,1079
Yellow,新北產業園區,2024-08-10,824
Yellow,大坪林,2024-08-11,6528
Yellow,頭前庄,2024-08-11,1468
Yellow,十四張,2024-08-11,1108
Yellow,秀朗橋,2024-08-11,930
Yellow,景平,2024-08-11,1132
Yellow,中和,2024-08-11,1575
Yellow,橋和,2024-08-11,0
Yellow,中原,2024-08-11,0
Yellow,板新,2024-08-11,0
Yellow,新埔民生,2024-08-11,253
Yellow,幸福,2024-08-11,807
Yellow,新北產業園區,2024-08-11,677
Yellow,大坪林,2024-08-12,11393
Yellow,頭前庄,2024-08-12,2272
Yellow,十四張,2024-08-12,2047
Yellow,秀朗橋,2024-08-12,1106
Yellow,景平,2024-08-12,1598
Yellow,中和,2024-08-12,2429
Yellow,橋和,2024-08-12,0
Yellow,中原,2024-08-12,0
Yellow,板新,2024-08-12,0
Yellow,新埔民生,2024-08-12,340
Yellow,幸福,2024-08-12,1200
Yellow,新北產業園區,2024-08-12,1007
Yellow,大坪林,2024-08-13,11284
Yellow,頭前庄,2024-08-13,2364
Yellow,十四張,2024-08-13,1664
Yellow,秀朗橋,2024-08-13,1139
Yellow,景平,2024-08-13,1643
Yellow,中和,2024-08-13,2454
Yellow,橋和,2024-08-13,0
Yellow,中原,2024-08-13,0
Yellow,板新,2024-08-13,0
Yellow,新埔民生,2024-08-13,326
Yellow,幸福,2024-08-13,1228
Yellow,新北產業園區,2024-08-13,1106
Yellow,大坪林,2024-08-14,11556
Yellow,頭前庄,2024-08-14,2331
Yellow,十四張,2024-08-14,1772
Yellow,秀朗橋,2024-08-14,1218
Yellow,景平,2024-08-14,1647
Yellow,中和,2024-08-14,2616
Yellow,橋和,2024-08-14,0
Yellow,中原,2024-08-14,0
Yellow,板新,2024-08-14,0
Yellow,新埔民生,2024-08-14,294
Yellow,幸福,2024-08-14,1278
Yellow,新北產業園區,2024-08-14,1100
Yellow,大坪林,2024-08-15,11458
Yellow,頭前庄,2024-08-15,2388
Yellow,十四張,2024-08-15,1714
Yellow,秀朗橋,2024-08-15,1168
Yellow,景平,2024-08-15,1573
Yellow,中和,2024-08-15,2439
Yellow,橋和,2024-08-15,0
Yellow,中原,2024-08-15,0
Yellow,板新,2024-08-15,0
Yellow,新埔民生,2024-08-15,315
Yellow,幸福,2024-08-15,1190
Yellow,新北產業園區,2024-08-15,1078
Yellow,大坪林,2024-08-16,12080
Yellow,頭前庄,2024-08-16,2445
Yellow,十四張,2024-08-16,1800
Yellow,秀朗橋,2024-08-16,1172
Yellow,景平,2024-08-16,1765
Yellow,中和,2024-08-16,2510
Yellow,橋和,2024-08-16,0
Yellow,中原,2024-08-16,0
Yellow,板新,2024-08-16,0
Yellow,新埔民生,2024-08-16,332
Yellow,幸福,2024-08-16,1296
Yellow,新北產業園區,2024-08-16,1125
Yellow,大坪林,2024-08-17,7367
Yellow,頭前庄,2024-08-17,1815
Yellow,十四張,2024-08-17,1348
Yellow,秀朗橋,2024-08-17,1033
Yellow,景平,2024-08-17,1256
Yellow,中和,2024-08-17,1650
Yellow,橋和,2024-08-17,0
Yellow,中原,2024-08-17,0
Yellow,板新,2024-08-17,0
Yellow,新埔民生,2024-08-17,323
Yellow,幸福,2024-08-17,937
Yellow,新北產業園區,2024-08-17,718
Yellow,大坪林,2024-08-18,6071
Yellow,頭前庄,2024-08-18,1430
Yellow,十四張,2024-08-18,1079
Yellow,秀朗橋,2024-08-18,811
Yellow,景平,2024-08-18,1174
Yellow,中和,2024-08-18,1415
Yellow,橋和,2024-08-18,0
Yellow,中原,2024-08-18,0
Yellow,板新,2024-08-18,0
Yellow,新埔民生,2024-08-18,232
Yellow,幸福,2024-08-18,706
Yellow,新北產業園區,2024-08-18,531
Yellow,大坪林,2024-08-19,11354
Yellow,頭前庄,2024-08-19,2305
Yellow,十四張,2024-08-19,1673
Yellow,秀朗橋,2024-08-19,1121
Yellow,景平,2024-08-19,1549
Yellow,中和,2024-08-19,2526
Yellow,橋和,2024-08-19,0
Yellow,中原,2024-08-19,0
Yellow,板新,2024-08-19,0
Yellow,新埔民生,2024-08-19,294
Yellow,幸福,2024-08-19,1280
Yellow,新北產業園區,2024-08-19,1060
Yellow,大坪林,2024-08-20,11555
Yellow,頭前庄,2024-08-20,2485
Yellow,十四張,2024-08-20,1629
Yellow,秀朗橋,2024-08-20,1178
Yellow,景平,2024-08-20,1715
Yellow,中和,2024-08-20,2557
Yellow,橋和,2024-08-20,0
Yellow,中原,2024-08-20,0
Yellow,板新,2024-08-20,0
Yellow,新埔民生,2024-08-20,337
Yellow,幸福,2024-08-20,1453
Yellow,新北產業園區,2024-08-20,1289
Yellow,大坪林,2024-08-21,11632
Yellow,頭前庄,2024-08-21,2488
Yellow,十四張,2024-08-21,1805
Yellow,秀朗橋,2024-08-21,1184
Yellow,景平,2024-08-21,1770
Yellow,中和,2024-08-21,2631
Yellow,橋和,2024-08-21,0
Yellow,中原,2024-08-21,0
Yellow,板新,2024-08-21,0
Yellow,新埔民生,2024-08-21,316
Yellow,幸福,2024-08-21,1374
Yellow,新北產業園區,2024-08-21,1106
Yellow,大坪林,2024-08-22,11811
Yellow,頭前庄,2024-08-22,2582
Yellow,十四張,2024-08-22,1796
Yellow,秀朗橋,2024-08-22,1236
Yellow,景平,2024-08-22,1668
Yellow,中和,2024-08-22,2576
Yellow,橋和,2024-08-22,0
Yellow,中原,2024-08-22,0
Yellow,板新,2024-08-22,0
Yellow,新埔民生,2024-08-22,301
Yellow,幸福,2024-08-22,1367
Yellow,新北產業園區,2024-08-22,1131
Yellow,大坪林,2024-08-23,12021
Yellow,頭前庄,2024-08-23,2576
Yellow,十四張,2024-08-23,1861
Yellow,秀朗橋,2024-08-23,1204
Yellow,景平,2024-08-23,1756
Yellow,中和,2024-08-23,2639
Yellow,橋和,2024-08-23,0
Yellow,中原,2024-08-23,0
Yellow,板新,2024-08-23,0
Yellow,新埔民生,2024-08-23,322
Yellow,幸福,2024-08-23,1539
Yellow,新北產業園區,2024-08-23,1234
Yellow,大坪林,2024-08-24,8266
Yellow,頭前庄,2024-08-24,1913
Yellow,十四張,2024-08-24,1549
Yellow,秀朗橋,2024-08-24,1063
Yellow,景平,2024-08-24,1301
Yellow,中和,2024-08-24,1850
Yellow,橋和,2024-08-24,0
Yellow,中原,2024-08-24,0
Yellow,板新,2024-08-24,0
Yellow,新埔民生,2024-08-24,318
Yellow,幸福,2024-08-24,1042
Yellow,新北產業園區,2024-08-24,823
Yellow,大坪林,2024-08-25,6752
Yellow,頭前庄,2024-08-25,1554
Yellow,十四張,2024-08-25,1041
Yellow,秀朗橋,2024-08-25,868
Yellow,景平,2024-08-25,1170
Yellow,中和,2024-08-25,1535
Yellow,橋和,2024-08-25,0
Yellow,中原,2024-08-25,0
Yellow,板新,2024-08-25,0
Yellow,新埔民生,2024-08-25,284
Yellow,幸福,2024-08-25,892
Yellow,新北產業園區,2024-08-25,646
Yellow,大坪林,2024-08-26,11343
Yellow,頭前庄,2024-08-26,2313
Yellow,十四張,2024-08-26,1663
Yellow,秀朗橋,2024-08-26,1091
Yellow,景平,2024-08-26,1583
Yellow,中和,2024-08-26,2482
Yellow,橋和,2024-08-26,0
Yellow,中原,2024-08-26,0
Yellow,板新,2024-08-26,0
Yellow,新埔民生,2024-08-26,292
Yellow,幸福,2024-08-26,1343
Yellow,新北產業園區,2024-08-26,1044
Yellow,大坪林,2024-08-27,11787
Yellow,頭前庄,2024-08-27,2442
Yellow,十四張,2024-08-27,1705
Yellow,秀朗橋,2024-08-27,1201
Yellow,景平,2024-08-27,1653
Yellow,中和,2024-08-27,2539
Yellow,橋和,2024-08-27,0
Yellow,中原,2024-08-27,0
Yellow,板新,2024-08-27,0
Yellow,新埔民生,2024-08-27,321
Yellow,幸福,2024-08-27,1389
Yellow,新北產業園區,2024-08-27,1111
Yellow,大坪林,2024-08-28,11545
Yellow,頭前庄,2024-08-28,2343
Yellow,十四張,2024-08-28,1668
Yellow,秀朗橋,2024-08-28,1128
Yellow,景平,2024-08-28,1691
Yellow,中和,2024-08-28,2580
Yellow,橋和,2024-08-28,0
Yellow,中原,2024-08-28,0
Yellow,板新,2024-08-28,0
Yellow,新埔民生,2024-08-28,305
Yellow,幸福,2024-08-28,1326
Yellow,新北產業園區,2024-08-28,1069
Yellow,大坪林,2024-08-29,11395
Yellow,頭前庄,2024-08-29,2376
Yellow,十四張,2024-08-29,1658
Yellow,秀朗橋,2024-08-29,1074
Yellow,景平,2024-08-29,1606
Yellow,中和,2024-08-29,2487
Yellow,橋和,2024-08-29,0
Yellow,中原,2024-08-29,0
Yellow,板新,2024-08-29,0
Yellow,新埔民生,2024-08-29,336
Yellow,幸福,2024-08-29,1309
Yellow,新北產業園區,2024-08-29,1032
Yellow,大坪林,2024-08-30,12102
Yellow,頭前庄,2024-08-30,2478
Yellow,十四張,2024-08-30,1949
Yellow,秀朗橋,2024-08-30,1196
Yellow,景平,2024-08-30,1737
Yellow,中和,2024-08-30,2571
Yellow,橋和,2024-08-30,0
Yellow,中原,2024-08-30,0
Yellow,板新,2024-08-30,0
Yellow,新埔民生,2024-08-30,287
Yellow,幸福,2024-08-30,1372
Yellow,新北產業園區,2024-08-30,1112
Yellow,大坪林,2024-08-31,7711
Yellow,頭前庄,2024-08-31,1869
Yellow,十四張,2024-08-31,1351
Yellow,秀朗橋,2024-08-31,974
Yellow,景平,2024-08-31,1252
Yellow,中和,2024-08-31,1821
Yellow,橋和,2024-08-31,0
Yellow,中原,2024-08-31,0
Yellow,板新,2024-08-31,0
Yellow,新埔民生,2024-08-31,329
Yellow,幸福,2024-08-31,1045
Yellow,新北產業園區,2024-08-31,765
Yellow,大坪林,2024-09-01,6483
Yellow,頭前庄,2024-09-01,1417
Yellow,十四張,2024-09-01,998
Yellow,秀朗橋,2024-09-01,793
Yellow,景平,2024-09-01,1210
Yellow,中和,2024-09-01,1457
Yellow,橋和,2024-09-01,0
Yellow,中原,2024-09-01,0
Yellow,板新,2024-09-01,0
Yellow,新埔民生,2024-09-01,280
Yellow,幸福,2024-09-01,839
Yellow,新北產業園區,2024-09-01,567
Yellow,大坪林,2024-09-02,11414
Yellow,頭前庄,2024-09-02,2420
Yellow,十四張,2024-09-02,1742
Yellow,秀朗橋,2024-09-02,1112
Yellow,景平,2024-09-02,1576
Yellow,中和,2024-09-02,2492
Yellow,橋和,2024-09-02,0
Yellow,中原,2024-09-02,0
Yellow,板新,2024-09-02,0
Yellow,新埔民生,2024-09-02,284
Yellow,幸福,2024-09-02,1308
Yellow,新北產業園區,2024-09-02,1034
Yellow,大坪林,2024-09-03,11907
Yellow,頭前庄,2024-09-03,2486
Yellow,十四張,2024-09-03,1763
Yellow,秀朗橋,2024-09-03,1118
Yellow,景平,2024-09-03,1684
Yellow,中和,2024-09-03,2463
Yellow,橋和,2024-09-03,0
Yellow,中原,2024-09-03,0
Yellow,板新,2024-09-03,0
Yellow,新埔民生,2024-09-03,316
Yellow,幸福,2024-09-03,1370
Yellow,新北產業園區,2024-09-03,1122
Yellow,大坪林,2024-09-04,11847
Yellow,頭前庄,2024-09-04,2438
Yellow,十四張,2024-09-04,1749
Yellow,秀朗橋,2024-09-04,1135
Yellow,景平,2024-09-04,1654
Yellow,中和,2024-09-04,2533
Yellow,橋和,2024-09-04,0
Yellow,中原,2024-09-04,0
Yellow,板新,2024-09-04,0
Yellow,新埔民生,2024-09-04,323
Yellow,幸福,2024-09-04,1371
Yellow,新北產業園區,2024-09-04,1096
Yellow,大坪林,2024-09-05,11883
Yellow,頭前庄,2024-09-05,2508
Yellow,十四張,2024-09-05,1745
Yellow,秀朗橋,2024-09-05,1188
Yellow,景平,2024-09-05,1641
Yellow,中和,2024-09-05,2484
Yellow,橋和,2024-09-05,0
Yellow,中原,2024-09-05,0
Yellow,板新,2024-09-05,0
Yellow,新埔民生,2024-09-05,317
Yellow,幸福,2024-09-05,1356
Yellow,新北產業園區,2024-09-05,1073
Yellow,大坪林,2024-09-06,12487
Yellow,頭前庄,2024-09-06,2620
Yellow,十四張,2024-09-06,1901
Yellow,秀朗橋,2024-09-06,1202
Yellow,景平,2024-09-06,1732
Yellow,中和,2024-09-06,2686
Yellow,橋和,2024-09-06,0
Yellow,中原,2024-09-06,0
Yellow,板新,2024-09-06,0
Yellow,新埔民生,2024-09-06,364
Yellow,幸福,2024-09-06,1452
Yellow,新北產業園區,2024-09-06,1183
Yellow,大坪林,2024-09-07,7742
Yellow,頭前庄,2024-09-07,1791
Yellow,十四張,2024-09-07,1299
Yellow,秀朗橋,2024-09-07,1084
Yellow,景平,2024-09-07,1289
Yellow,中和,2024-09-07,1869
Yellow,橋和,2024-09-07,0
Yellow,中原,2024-09-07,0
Yellow,板新,2024-09-07,0
Yellow,新埔民生,2024-09-07,331
Yellow,幸福,2024-09-07,1069
Yellow,新北產業園區,2024-09-07,724
Yellow,大坪林,2024-09-08,6909
Yellow,頭前庄,2024-09-08,1459
Yellow,十四張,2024-09-08,1063
Yellow,秀朗橋,2024-09-08,844
Yellow,景平,2024-09-08,1130
Yellow,中和,2024-09-08,1599
Yellow,橋和,2024-09-08,0
Yellow,中原,2024-09-08,0
Yellow,板新,2024-09-08,0
Yellow,新埔民生,2024-09-08,248
Yellow,幸福,2024-09-08,846
Yellow,新北產業園區,2024-09-08,583
Yellow,大坪林,2024-09-09,11872
Yellow,頭前庄,2024-09-09,2449
Yellow,十四張,2024-09-09,1815
Yellow,秀朗橋,2024-09-09,1194
Yellow,景平,2024-09-09,1651
Yellow,中和,2024-09-09,2528
Yellow,橋和,2024-09-09,0
Yellow,中原,2024-09-09,0
Yellow,板新,2024-09-09,0
Yellow,新埔民生,2024-09-09,398
Yellow,幸福,2024-09-09,1347
Yellow,新北產業園區,2024-09-09,1104
Yellow,大坪林,2024-09-10,12119
Yellow,頭前庄,2024-09-10,2518
Yellow,十四張,2024-09-10,1880
Yellow,秀朗橋,2024-09-10,1171
Yellow,景平,2024-09-10,1715
Yellow,中和,2024-09-10,2597
Yellow,橋和,2024-09-10,0
Yellow,中原,2024-09-10,0
Yellow,板新,2024-09-10,0
Yellow,新埔民生,2024-09-10,439
Yellow,幸福,2024-09-10,1487
Yellow,新北產業園區,2024-09-10,1133
Yellow,大坪林,2024-09-11,12148
Yellow,頭前庄,2024-09-11,2530
Yellow,十四張,2024-09-11,1895
Yellow,秀朗橋,2024-09-11,1189
Yellow,景平,2024-09-11,1742
Yellow,中和,2024-09-11,2641
Yellow,橋和,2024-09-11,0
Yellow,中原,2024-09-11,0
Yellow,板新,2024-09-11,0
Yellow,新埔民生,2024-09-11,434
Yellow,幸福,2024-09-11,1467
Yellow,新北產業園區,2024-09-11,1124
Yellow,大坪林,2024-09-12,12166
Yellow,頭前庄,2024-09-12,2527
Yellow,十四張,2024-09-12,1864
Yellow,秀朗橋,2024-09-12,1204
Yellow,景平,2024-09-12,1744
Yellow,中和,2024-09-12,2617
Yellow,橋和,2024-09-12,0
Yellow,中原,2024-09-12,0
Yellow,板新,2024-09-12,0
Yellow,新埔民生,2024-09-12,419
Yellow,幸福,2024-09-12,1414
Yellow,新北產業園區,2024-09-12,1100
Yellow,大坪林,2024-09-13,13123
Yellow,頭前庄,2024-09-13,2637
Yellow,十四張,2024-09-13,1922
Yellow,秀朗橋,2024-09-13,1229
Yellow,景平,2024-09-13,1804
Yellow,中和,2024-09-13,2705
Yellow,橋和,2024-09-13,0
Yellow,中原,2024-09-13,0
Yellow,板新,2024-09-13,0
Yellow,新埔民生,2024-09-13,425
Yellow,幸福,2024-09-13,1485
Yellow,新北產業園區,2024-09-13,1230
Yellow,大坪林,2024-09-14,8067
Yellow,頭前庄,2024-09-14,1669
Yellow,十四張,2024-09-14,1363
Yellow,秀朗橋,2024-09-14,1101
Yellow,景平,2024-09-14,1338
Yellow,中和,2024-09-14,1885
Yellow,橋和,2024-09-14,0
Yellow,中原,2024-09-14,0
Yellow,板新,2024-09-14,0
Yellow,新埔民生,2024-09-14,397
Yellow,幸福,2024-09-14,1060
Yellow,新北產業園區,2024-09-14,806
Yellow,大坪林,2024-09-15,6288
Yellow,頭前庄,2024-09-15,1434
Yellow,十四張,2024-09-15,1122
Yellow,秀朗橋,2024-09-15,850
Yellow,景平,2024-09-15,1190
Yellow,中和,2024-09-15,1602
Yellow,橋和,2024-09-15,0
Yellow,中原,2024-09-15,0
Yellow,板新,2024-09-15,0
Yellow,新埔民生,2024-09-15,263
Yellow,幸福,2024-09-15,796
Yellow,新北產業園區,2024-09-15,627
Yellow,大坪林,2024-09-16,11117
Yellow,頭前庄,2024-09-16,2370
Yellow,十四張,2024-09-16,2067
Yellow,秀朗橋,2024-09-16,1139
Yellow,景平,2024-09-16,1536
Yellow,中和,2024-09-16,2368
Yellow,橋和,2024-09-16,0
Yellow,中原,2024-09-16,0
Yellow,板新,2024-09-16,0
Yellow,新埔民生,2024-09-16,442
Yellow,幸福,2024-09-16,1317
Yellow,新北產業園區,2024-09-16,1043
Yellow,大坪林,2024-09-17,5714
Yellow,頭前庄,2024-09-17,1191
Yellow,十四張,2024-09-17,1122
Yellow,秀朗橋,2024-09-17,820
Yellow,景平,2024-09-17,1146
Yellow,中和,2024-09-17,1391
Yellow,橋和,2024-09-17,0
Yellow,中原,2024-09-17,0
Yellow,板新,2024-09-17,0
Yellow,新埔民生,2024-09-17,260
Yellow,幸福,2024-09-17,795
Yellow,新北產業園區,2024-09-17,530
Yellow,大坪林,2024-09-18,12052
Yellow,頭前庄,2024-09-18,2474
Yellow,十四張,2024-09-18,2147
Yellow,秀朗橋,2024-09-18,1171
Yellow,景平,2024-09-18,1719
Yellow,中和,2024-09-18,2522
Yellow,橋和,2024-09-18,0
Yellow,中原,2024-09-18,0
Yellow,板新,2024-09-18,0
Yellow,新埔民生,2024-09-18,414
Yellow,幸福,2024-09-18,1407
Yellow,新北產業園區,2024-09-18,1175
Yellow,大坪林,2024-09-19,12011
Yellow,頭前庄,2024-09-19,2459
Yellow,十四張,2024-09-19,2208
Yellow,秀朗橋,2024-09-19,1200
Yellow,景平,2024-09-19,1707
Yellow,中和,2024-09-19,2597
Yellow,橋和,2024-09-19,0
Yellow,中原,2024-09-19,0
Yellow,板新,2024-09-19,0
Yellow,新埔民生,2024-09-19,452
Yellow,幸福,2024-09-19,1383
Yellow,新北產業園區,2024-09-19,1124
Yellow,大坪林,2024-09-20,12524
Yellow,頭前庄,2024-09-20,2621
Yellow,十四張,2024-09-20,2003
Yellow,秀朗橋,2024-09-20,1244
Yellow,景平,2024-09-20,1719
Yellow,中和,2024-09-20,2638
Yellow,橋和,2024-09-20,0
Yellow,中原,2024-09-20,0
Yellow,板新,2024-09-20,0
Yellow,新埔民生,2024-09-20,443
Yellow,幸福,2024-09-20,1477
Yellow,新北產業園區,2024-09-20,1224
Yellow,大坪林,2024-09-21,7907
Yellow,頭前庄,2024-09-21,1685
Yellow,十四張,2024-09-21,1360
Yellow,秀朗橋,2024-09-21,1112
Yellow,景平,2024-09-21,1385
Yellow,中和,2024-09-21,1947
Yellow,橋和,2024-09-21,0
Yellow,中原,2024-09-21,0
Yellow,板新,2024-09-21,0
Yellow,新埔民生,2024-09-21,296
Yellow,幸福,2024-09-21,990
Yellow,新北產業園區,2024-09-21,762
Yellow,大坪林,2024-09-22,5974
Yellow,頭前庄,2024-09-22,1345
Yellow,十四張,2024-09-22,1010
Yellow,秀朗橋,2024-09-22,901
Yellow,景平,2024-09-22,1222
Yellow,中和,2024-09-22,1486
Yellow,橋和,2024-09-22,0
Yellow,中原,2024-09-22,0
Yellow,板新,2024-09-22,0
Yellow,新埔民生,2024-09-22,240
Yellow,幸福,2024-09-22,828
Yellow,新北產業園區,2024-09-22,515
Yellow,大坪林,2024-09-23,11906
Yellow,頭前庄,2024-09-23,2398
Yellow,十四張,2024-09-23,2205
Yellow,秀朗橋,2024-09-23,1220
Yellow,景平,2024-09-23,1816
Yellow,中和,2024-09-23,2682
Yellow,橋和,2024-09-23,0
Yellow,中原,2024-09-23,0
Yellow,板新,2024-09-23,0
Yellow,新埔民生,2024-09-23,470
Yellow,幸福,2024-09-23,1410
Yellow,新北產業園區,2024-09-23,1151
Yellow,大坪林,2024-09-24,12096
Yellow,頭前庄,2024-09-24,2493
Yellow,十四張,2024-09-24,2143
Yellow,秀朗橋,2024-09-24,1245
Yellow,景平,2024-09-24,1705
Yellow,中和,2024-09-24,2564
Yellow,橋和,2024-09-24,0
Yellow,中原,2024-09-24,0
Yellow,板新,2024-09-24,0
Yellow,新埔民生,2024-09-24,454
Yellow,幸福,2024-09-24,1429
Yellow,新北產業園區,2024-09-24,1183
Yellow,大坪林,2024-09-25,12140
Yellow,頭前庄,2024-09-25,2539
Yellow,十四張,2024-09-25,2248
Yellow,秀朗橋,2024-09-25,1185
Yellow,景平,2024-09-25,1770
Yellow,中和,2024-09-25,2629
Yellow,橋和,2024-09-25,0
Yellow,中原,2024-09-25,0
Yellow,板新,2024-09-25,0
Yellow,新埔民生,2024-09-25,473
Yellow,幸福,2024-09-25,1427
Yellow,新北產業園區,2024-09-25,1169
Yellow,大坪林,2024-09-26,12245
Yellow,頭前庄,2024-09-26,2483
Yellow,十四張,2024-09-26,2267
Yellow,秀朗橋,2024-09-26,1221
Yellow,景平,2024-09-26,1697
Yellow,中和,2024-09-26,2493
Yellow,橋和,2024-09-26,0
Yellow,中原,2024-09-26,0
Yellow,板新,2024-09-26,0
Yellow,新埔民生,2024-09-26,461
Yellow,幸福,2024-09-26,1436
Yellow,新北產業園區,2024-09-26,1185
Yellow,大坪林,2024-09-27,13137
Yellow,頭前庄,2024-09-27,2716
Yellow,十四張,2024-09-27,2108
Yellow,秀朗橋,2024-09-27,1273
Yellow,景平,2024-09-27,1787
Yellow,中和,2024-09-27,2679
Yellow,橋和,2024-09-27,0
Yellow,中原,2024-09-27,0
Yellow,板新,2024-09-27,0
Yellow,新埔民生,2024-09-27,472
Yellow,幸福,2024-09-27,1449
Yellow,新北產業園區,2024-09-27,1253
Yellow,大坪林,2024-09-28,8283
Yellow,頭前庄,2024-09-28,1764
Yellow,十四張,2024-09-28,1488
Yellow,秀朗橋,2024-09-28,1097
Yellow,景平,2024-09-28,1371
Yellow,中和,2024-09-28,1923
Yellow,橋和,2024-09-28,0
Yellow,中原,2024-09-28,0
Yellow,板新,2024-09-28,0
Yellow,新埔民生,2024-09-28,351
Yellow,幸福,2024-09-28,1135
Yellow,新北產業園區,2024-09-28,784
Yellow,大坪林,2024-09-29,6759
Yellow,頭前庄,2024-09-29,1461
Yellow,十四張,2024-09-29,1227
Yellow,秀朗橋,2024-09-29,900
Yellow,景平,2024-09-29,1161
Yellow,中和,2024-09-29,1492
Yellow,橋和,2024-09-29,0
Yellow,中原,2024-09-29,0
Yellow,板新,2024-09-29,0
Yellow,新埔民生,2024-09-29,288
Yellow,幸福,2024-09-29,799
Yellow,新北產業園區,2024-09-29,654
Yellow,大坪林,2024-09-30,12062
Yellow,頭前庄,2024-09-30,2385
Yellow,十四張,2024-09-30,2264
Yellow,秀朗橋,2024-09-30,1255
Yellow,景平,2024-09-30,1770
Yellow,中和,2024-09-30,2577
Yellow,橋和,2024-09-30,0
Yellow,中原,2024-09-30,0
Yellow,板新,2024-09-30,0
Yellow,新埔民生,2024-09-30,444
Yellow,幸福,2024-09-30,1423
Yellow,新北產業園區,2024-09-30,1109
Yellow,大坪林,2024-10-01,11463
Yellow,頭前庄,2024-10-01,2335
Yellow,十四張,2024-10-01,1975
Yellow,秀朗橋,2024-10-01,1202
Yellow,景平,2024-10-01,1694
Yellow,中和,2024-10-01,2510
Yellow,橋和,2024-10-01,0
Yellow,中原,2024-10-01,0
Yellow,板新,2024-10-01,0
Yellow,新埔民生,2024-10-01,438
Yellow,幸福,2024-10-01,1345
Yellow,新北產業園區,2024-10-01,1138
Yellow,大坪林,2024-10-02,2588
Yellow,頭前庄,2024-10-02,556
Yellow,十四張,2024-10-02,437
Yellow,秀朗橋,2024-10-02,404
Yellow,景平,2024-10-02,553
Yellow,中和,2024-10-02,722
Yellow,橋和,2024-10-02,0
Yellow,中原,2024-10-02,0
Yellow,板新,2024-10-02,0
Yellow,新埔民生,2024-10-02,117
Yellow,幸福,2024-10-02,384
Yellow,新北產業園區,2024-10-02,264
Yellow,大坪林,2024-10-03,2074
Yellow,頭前庄,2024-10-03,460
Yellow,十四張,2024-10-03,366
Yellow,秀朗橋,2024-10-03,356
Yellow,景平,2024-10-03,463
Yellow,中和,2024-10-03,555
Yellow,橋和,2024-10-03,0
Yellow,中原,2024-10-03,0
Yellow,板新,2024-10-03,0
Yellow,新埔民生,2024-10-03,94
Yellow,幸福,2024-10-03,283
Yellow,新北產業園區,2024-10-03,235
Yellow,大坪林,2024-10-04,12689
Yellow,頭前庄,2024-10-04,2537
Yellow,十四張,2024-10-04,2186
Yellow,秀朗橋,2024-10-04,1409
Yellow,景平,2024-10-04,1861
Yellow,中和,2024-10-04,2801
Yellow,橋和,2024-10-04,0
Yellow,中原,2024-10-04,0
Yellow,板新,2024-10-04,0
Yellow,新埔民生,2024-10-04,466
Yellow,幸福,2024-10-04,1559
Yellow,新北產業園區,2024-10-04,1277
Yellow,大坪林,2024-10-05,7904
Yellow,頭前庄,2024-10-05,1692
Yellow,十四張,2024-10-05,1464
Yellow,秀朗橋,2024-10-05,1075
Yellow,景平,2024-10-05,1271
Yellow,中和,2024-10-05,1875
Yellow,橋和,2024-10-05,0
Yellow,中原,2024-10-05,0
Yellow,板新,2024-10-05,0
Yellow,新埔民生,2024-10-05,369
Yellow,幸福,2024-10-05,1057
Yellow,新北產業園區,2024-10-05,778
Yellow,大坪林,2024-10-06,6609
Yellow,頭前庄,2024-10-06,1414
Yellow,十四張,2024-10-06,1226
Yellow,秀朗橋,2024-10-06,941
Yellow,景平,2024-10-06,1223
Yellow,中和,2024-10-06,1570
Yellow,橋和,2024-10-06,0
Yellow,中原,2024-10-06,0
Yellow,板新,2024-10-06,0
Yellow,新埔民生,2024-10-06,245
Yellow,幸福,2024-10-06,795
Yellow,新北產業園區,2024-10-06,617
Yellow,大坪林,2024-10-07,12241
Yellow,頭前庄,2024-10-07,2457
Yellow,十四張,2024-10-07,2158
Yellow,秀朗橋,2024-10-07,979
Yellow,景平,2024-10-07,1549
Yellow,中和,2024-10-07,2486
Yellow,橋和,2024-10-07,0
Yellow,中原,2024-10-07,0
Yellow,板新,2024-10-07,0
Yellow,新埔民生,2024-10-07,485
Yellow,幸福,2024-10-07,1467
Yellow,新北產業園區,2024-10-07,1186
Yellow,大坪林,2024-10-08,12362
Yellow,頭前庄,2024-10-08,2507
Yellow,十四張,2024-10-08,2351
Yellow,秀朗橋,2024-10-08,1475
Yellow,景平,2024-10-08,1950
Yellow,中和,2024-10-08,2774
Yellow,橋和,2024-10-08,0
Yellow,中原,2024-10-08,0
Yellow,板新,2024-10-08,0
Yellow,新埔民生,2024-10-08,491
Yellow,幸福,2024-10-08,1680
Yellow,新北產業園區,2024-10-08,1188
Yellow,大坪林,2024-10-09,13107
Yellow,頭前庄,2024-10-09,2579
Yellow,十四張,2024-10-09,2441
Yellow,秀朗橋,2024-10-09,1293
Yellow,景平,2024-10-09,1839
Yellow,中和,2024-10-09,2690
Yellow,橋和,2024-10-09,0
Yellow,中原,2024-10-09,0
Yellow,板新,2024-10-09,0
Yellow,新埔民生,2024-10-09,458
Yellow,幸福,2024-10-09,1546
Yellow,新北產業園區,2024-10-09,1282
Yellow,大坪林,2024-10-10,6308
Yellow,頭前庄,2024-10-10,1585
Yellow,十四張,2024-10-10,1266
Yellow,秀朗橋,2024-10-10,976
Yellow,景平,2024-10-10,1119
Yellow,中和,2024-10-10,1472
Yellow,橋和,2024-10-10,0
Yellow,中原,2024-10-10,0
Yellow,板新,2024-10-10,0
Yellow,新埔民生,2024-10-10,318
Yellow,幸福,2024-10-10,804
Yellow,新北產業園區,2024-10-10,599
Yellow,大坪林,2024-10-11,11815
Yellow,頭前庄,2024-10-11,2431
Yellow,十四張,2024-10-11,2171
Yellow,秀朗橋,2024-10-11,1182
Yellow,景平,2024-10-11,1696
Yellow,中和,2024-10-11,2519
Yellow,橋和,2024-10-11,0
Yellow,中原,2024-10-11,0
Yellow,板新,2024-10-11,0
Yellow,新埔民生,2024-10-11,448
Yellow,幸福,2024-10-11,1502
Yellow,新北產業園區,2024-10-11,1138
Yellow,大坪林,2024-10-12,8034
Yellow,頭前庄,2024-10-12,1739
Yellow,十四張,2024-10-12,1322
Yellow,秀朗橋,2024-10-12,1032
Yellow,景平,2024-10-12,1258
Yellow,中和,2024-10-12,1813
Yellow,橋和,2024-10-12,0
Yellow,中原,2024-10-12,0
Yellow,板新,2024-10-12,0
Yellow,新埔民生,2024-10-12,361
Yellow,幸福,2024-10-12,1054
Yellow,新北產業園區,2024-10-12,734
Yellow,大坪林,2024-10-13,7354
Yellow,頭前庄,2024-10-13,1411
Yellow,十四張,2024-10-13,1130
Yellow,秀朗橋,2024-10-13,893
Yellow,景平,2024-10-13,1214
Yellow,中和,2024-10-13,1525
Yellow,橋和,2024-10-13,0
Yellow,中原,2024-10-13,0
Yellow,板新,2024-10-13,0
Yellow,新埔民生,2024-10-13,249
Yellow,幸福,2024-10-13,874
Yellow,新北產業園區,2024-10-13,690
Yellow,大坪林,2024-10-14,11881
Yellow,頭前庄,2024-10-14,2364
Yellow,十四張,2024-10-14,2120
Yellow,秀朗橋,2024-10-14,1226
Yellow,景平,2024-10-14,1605
Yellow,中和,2024-10-14,2546
Yellow,橋和,2024-10-14,0
Yellow,中原,2024-10-14,0
Yellow,板新,2024-10-14,0
Yellow,新埔民生,2024-10-14,464
Yellow,幸福,2024-10-14,1388
Yellow,新北產業園區,2024-10-14,1218
Yellow,大坪林,2024-10-15,12102
Yellow,頭前庄,2024-10-15,2474
Yellow,十四張,2024-10-15,2084
Yellow,秀朗橋,2024-10-15,1198
Yellow,景平,2024-10-15,1689
Yellow,中和,2024-10-15,2604
Yellow,橋和,2024-10-15,0
Yellow,中原,2024-10-15,0
Yellow,板新,2024-10-15,0
Yellow,新埔民生,2024-10-15,432
Yellow,幸福,2024-10-15,1470
Yellow,新北產業園區,2024-10-15,1201
Yellow,大坪林,2024-10-16,12422
Yellow,頭前庄,2024-10-16,2486
Yellow,十四張,2024-10-16,2171
Yellow,秀朗橋,2024-10-16,1228
Yellow,景平,2024-10-16,1749
Yellow,中和,2024-10-16,2672
Yellow,橋和,2024-10-16,0
Yellow,中原,2024-10-16,0
Yellow,板新,2024-10-16,0
Yellow,新埔民生,2024-10-16,459
Yellow,幸福,2024-10-16,1399
Yellow,新北產業園區,2024-10-16,1155
Yellow,大坪林,2024-10-17,12414
Yellow,頭前庄,2024-10-17,2490
Yellow,十四張,2024-10-17,2308
Yellow,秀朗橋,2024-10-17,1222
Yellow,景平,2024-10-17,1741
Yellow,中和,2024-10-17,2683
Yellow,橋和,2024-10-17,0
Yellow,中原,2024-10-17,0
Yellow,板新,2024-10-17,0
Yellow,新埔民生,2024-10-17,433
Yellow,幸福,2024-10-17,1405
Yellow,新北產業園區,2024-10-17,1155
Yellow,大坪林,2024-10-18,12716
Yellow,頭前庄,2024-10-18,2631
Yellow,十四張,2024-10-18,1969
Yellow,秀朗橋,2024-10-18,1303
Yellow,景平,2024-10-18,1772
Yellow,中和,2024-10-18,2722
Yellow,橋和,2024-10-18,0
Yellow,中原,2024-10-18,0
Yellow,板新,2024-10-18,0
Yellow,新埔民生,2024-10-18,427
Yellow,幸福,2024-10-18,1451
Yellow,新北產業園區,2024-10-18,1219
Yellow,大坪林,2024-10-19,8632
Yellow,頭前庄,2024-10-19,1901
Yellow,十四張,2024-10-19,1506
Yellow,秀朗橋,2024-10-19,1150
Yellow,景平,2024-10-19,1472
Yellow,中和,2024-10-19,1923
Yellow,橋和,2024-10-19,0
Yellow,中原,2024-10-19,0
Yellow,板新,2024-10-19,0
Yellow,新埔民生,2024-10-19,403
Yellow,幸福,2024-10-19,1183
Yellow,新北產業園區,2024-10-19,876
Yellow,大坪林,2024-10-20,7065
Yellow,頭前庄,2024-10-20,1552
Yellow,十四張,2024-10-20,1173
Yellow,秀朗橋,2024-10-20,885
Yellow,景平,2024-10-20,1247
Yellow,中和,2024-10-20,1572
Yellow,橋和,2024-10-20,0
Yellow,中原,2024-10-20,0
Yellow,板新,2024-10-20,0
Yellow,新埔民生,2024-10-20,269
Yellow,幸福,2024-10-20,899
Yellow,新北產業園區,2024-10-20,692
Yellow,大坪林,2024-10-21,11875
Yellow,頭前庄,2024-10-21,2406
Yellow,十四張,2024-10-21,2143
Yellow,秀朗橋,2024-10-21,1187
Yellow,景平,2024-10-21,1606
Yellow,中和,2024-10-21,2506
Yellow,橋和,2024-10-21,0
Yellow,中原,2024-10-21,0
Yellow,板新,2024-10-21,0
Yellow,新埔民生,2024-10-21,443
Yellow,幸福,2024-10-21,1432
Yellow,新北產業園區,2024-10-21,1095
Yellow,大坪林,2024-10-22,12395
Yellow,頭前庄,2024-10-22,2496
Yellow,十四張,2024-10-22,2109
Yellow,秀朗橋,2024-10-22,1196
Yellow,景平,2024-10-22,1706
Yellow,中和,2024-10-22,2590
Yellow,橋和,2024-10-22,0
Yellow,中原,2024-10-22,0
Yellow,板新,2024-10-22,0
Yellow,新埔民生,2024-10-22,427
Yellow,幸福,2024-10-22,1420
Yellow,新北產業園區,2024-10-22,1126
Yellow,大坪林,2024-10-23,12538
Yellow,頭前庄,2024-10-23,2496
Yellow,十四張,2024-10-23,2353
Yellow,秀朗橋,2024-10-23,1336
Yellow,景平,2024-10-23,1907
Yellow,中和,2024-10-23,2824
Yellow,橋和,2024-10-23,0
Yellow,中原,2024-10-23,0
Yellow,板新,2024-10-23,0
Yellow,新埔民生,2024-10-23,438
Yellow,幸福,2024-10-23,1472
Yellow,新北產業園區,2024-10-23,1184
Yellow,大坪林,2024-10-24,12405
Yellow,頭前庄,2024-10-24,2535
Yellow,十四張,2024-10-24,2424
Yellow,秀朗橋,2024-10-24,1404
Yellow,景平,2024-10-24,1885
Yellow,中和,2024-10-24,2778
Yellow,橋和,2024-10-24,0
Yellow,中原,2024-10-24,0
Yellow,板新,2024-10-24,0
Yellow,新埔民生,2024-10-24,456
Yellow,幸福,2024-10-24,1455
Yellow,新北產業園區,2024-10-24,1180
Yellow,大坪林,2024-10-25,12683
Yellow,頭前庄,2024-10-25,2544
Yellow,十四張,2024-10-25,2295
Yellow,秀朗橋,2024-10-25,1404
Yellow,景平,2024-10-25,1880
Yellow,中和,2024-10-25,2755
Yellow,橋和,2024-10-25,0
Yellow,中原,2024-10-25,0
Yellow,板新,2024-10-25,0
Yellow,新埔民生,2024-10-25,477
Yellow,幸福,2024-10-25,1611
Yellow,新北產業園區,2024-10-25,1274
Yellow,大坪林,2024-10-26,8599
Yellow,頭前庄,2024-10-26,1896
Yellow,十四張,2024-10-26,1567
Yellow,秀朗橋,2024-10-26,1135
Yellow,景平,2024-10-26,1421
Yellow,中和,2024-10-26,1984
Yellow,橋和,2024-10-26,0
Yellow,中原,2024-10-26,0
Yellow,板新,2024-10-26,0
Yellow,新埔民生,2024-10-26,335
Yellow,幸福,2024-10-26,1050
Yellow,新北產業園區,2024-10-26,870
Yellow,大坪林,2024-10-27,6733
Yellow,頭前庄,2024-10-27,1469
Yellow,十四張,2024-10-27,1255
Yellow,秀朗橋,2024-10-27,958
Yellow,景平,2024-10-27,1135
Yellow,中和,2024-10-27,1537
Yellow,橋和,2024-10-27,0
Yellow,中原,2024-10-27,0
Yellow,板新,2024-10-27,0
Yellow,新埔民生,2024-10-27,279
Yellow,幸福,2024-10-27,863
Yellow,新北產業園區,2024-10-27,631
Yellow,大坪林,2024-10-28,11956
Yellow,頭前庄,2024-10-28,2436
Yellow,十四張,2024-10-28,2289
Yellow,秀朗橋,2024-10-28,1241
Yellow,景平,2024-10-28,1695
Yellow,中和,2024-10-28,2692
Yellow,橋和,2024-10-28,0
Yellow,中原,2024-10-28,0
Yellow,板新,2024-10-28,0
Yellow,新埔民生,2024-10-28,429
Yellow,幸福,2024-10-28,1443
Yellow,新北產業園區,2024-10-28,1168
Yellow,大坪林,2024-10-29,12283
Yellow,頭前庄,2024-10-29,2553
Yellow,十四張,2024-10-29,2196
Yellow,秀朗橋,2024-10-29,1252
Yellow,景平,2024-10-29,1786
Yellow,中和,2024-10-29,2704
Yellow,橋和,2024-10-29,0
Yellow,中原,2024-10-29,0
Yellow,板新,2024-10-29,0
Yellow,新埔民生,2024-10-29,452
Yellow,幸福,2024-10-29,1482
Yellow,新北產業園區,2024-10-29,1218
Yellow,大坪林,2024-10-30,12369
Yellow,頭前庄,2024-10-30,2427
Yellow,十四張,2024-10-30,2426
Yellow,秀朗橋,2024-10-30,1418
Yellow,景平,2024-10-30,1956
Yellow,中和,2024-10-30,2894
Yellow,橋和,2024-10-30,0
Yellow,中原,2024-10-30,0
Yellow,板新,2024-10-30,0
Yellow,新埔民生,2024-10-30,481
Yellow,幸福,2024-10-30,1482
Yellow,新北產業園區,2024-10-30,1215
Yellow,大坪林,2024-10-31,947
Yellow,頭前庄,2024-10-31,182
Yellow,十四張,2024-10-31,94
Yellow,秀朗橋,2024-10-31,96
Yellow,景平,2024-10-31,133
Yellow,中和,2024-10-31,159
Yellow,橋和,2024-10-31,0
Yellow,中原,2024-10-31,0
Yellow,板新,2024-10-31,0
Yellow,新埔民生,2024-10-31,14
Yellow,幸福,2024-10-31,78
Yellow,新北產業園區,2024-10-31,65
